Tournament,Team,Player,Scene
KQC3,brunch skunks,Christop Corley,CHA
KQC3,brunch skunks,Amanda Norris,CHA
KQC3,brunch skunks,Micah Wallace,CHA
KQC3,brunch skunks,Jen Wallace,CHA
KQC3,brunch skunks,Matthew Anderson,CHA
KQC3,BarBEE Dream Gate,Ammar Ahmed,CLT
KQC3,BarBEE Dream Gate,Lisa Steward,CBUS
KQC3,BarBEE Dream Gate,Kasi White,MPLS
KQC3,BarBEE Dream Gate,Sarah Stewart,MPLS
KQC3,BarBEE Dream Gate,Marina Catherine,MPLS
KQC3,Shadow Scene,Spencer Kern,CIN
KQC3,Shadow Scene,Bobby Boehl,CIN
KQC3,Shadow Scene,Nick Monger,CIN
KQC3,Shadow Scene,Victoria Bauscher,CIN
KQC3,Shadow Scene,Bethany Caspersz,CIN
KQC3,Mr. Tenders,Dylan Conrad,CLT
KQC3,Mr. Tenders,Aaron Goldberg,CHI
KQC3,Mr. Tenders,Ryan Waisner,CHI
KQC3,Mr. Tenders,Chris Cadayona,CHI
KQC3,Mr. Tenders,Cesar Bustos,CHI
KQC3,WE BEE SWARMIN’ FOR YA,Sebastian Clavero,SFL
KQC3,WE BEE SWARMIN’ FOR YA,Heather Browning,SFL
KQC3,WE BEE SWARMIN’ FOR YA,Ryan Lescoe,CLT
KQC3,WE BEE SWARMIN’ FOR YA,Tyler Cole,CLT
KQC3,WE BEE SWARMIN’ FOR YA,Megan Hirschy,CLT
KQC3,Vertical Scroll,JD Look,CHI
KQC3,Vertical Scroll,Justin Buth,CHI
KQC3,Vertical Scroll,Gabriel Gray,CLT
KQC3,Vertical Scroll,Joel Stockard,KC
KQC3,Vertical Scroll,Enrique Garcia,CLT
KQC3,Only Kinda Safe,Mitch Diemert,CBUS
KQC3,Only Kinda Safe,Joe Woolum,CBUS
KQC3,Only Kinda Safe,Courtney Hickey,CBUS
KQC3,Only Kinda Safe,Christian Dummermuth,CBUS
KQC3,Only Kinda Safe,Zac Robinson,CBUS
KQC3,Keep Yourself Alive,Andrew Wilkening,NY
KQC3,Keep Yourself Alive,Brian Wong,NY
KQC3,Keep Yourself Alive,Prashant Sridhar,NY
KQC3,Keep Yourself Alive,Justin Krim,NY
KQC3,Keep Yourself Alive,Charles Pratt,NY
KQC3,Bye,Eric Clarkson,BMORE
KQC3,Bye,Melanie Szemis,PDX
KQC3,Bye,Steve Parker,DC
KQC3,Bye,Chris Preisinger,BMORE
KQC3,Bye,Adam Forejt,BMORE
KQC3,Anti Social Snail Club,Brian McMahon,SF
KQC3,Anti Social Snail Club,Miranda Steele,SF
KQC3,Anti Social Snail Club,DRay Williams,SF
KQC3,Anti Social Snail Club,Andrew Dotson,SF
KQC3,Anti Social Snail Club,Gino Miglio,SF
KQC3,Dingle Berries,William Definbaugh,DC
KQC3,Dingle Berries,David Tien,BMORE
KQC3,Dingle Berries,Dominic Pham,BMORE
KQC3,Dingle Berries,Michael Ohr,DC
KQC3,Dingle Berries,Megan Richards,BMORE
KQC3,Queen's Revenge,Courtney LaSchultz,CLT
KQC3,Queen's Revenge,Jacob LaSchultz,CLT
KQC3,Queen's Revenge,Cheyenne Steel,CLT
KQC3,Queen's Revenge,Steven Saenz,CLT
KQC3,Queen's Revenge,Preston Truett Grigg,CLT
KQC3,"We put the ""i"" in CLT",Nathan Palmer,MPLS
KQC3,"We put the ""i"" in CLT",Michelle Lutz,MPLS
KQC3,"We put the ""i"" in CLT",Belia Portillo,CHI
KQC3,"We put the ""i"" in CLT",Imandra McKenzie,PDX
KQC3,"We put the ""i"" in CLT",Tiana Tan,NY
KQC3,MATH,Craig Payne,CBUS
KQC3,MATH,Hell Logsdon,CBUS
KQC3,MATH,Matt Thompson,CBUS
KQC3,MATH,Duc Nguyen,CBUS
KQC3,MATH,Carlos DeLaSerda,CBUS
KQC3,Bae Caught Me Drippin',Brian McFadden,NY
KQC3,Bae Caught Me Drippin',Daphane Love,NY
KQC3,Bae Caught Me Drippin',Victor Jardim,NY
KQC3,Bae Caught Me Drippin',Drew Bolduc,NY
KQC3,Bae Caught Me Drippin',Brian Lancaster,CLT
KQC3,Post Meta Malone,Katie Rhodes,CHI
KQC3,Post Meta Malone,Diana Moya-James,CHI
KQC3,Post Meta Malone,Ian Lukidis,CHI
KQC3,Post Meta Malone,Jenn Gilbert,MAD
KQC3,Post Meta Malone,Lev Bakin,MAD
KQC3,Luibee's Mansion,Jordan Navarra,CLT
KQC3,Luibee's Mansion,Ben Graif,NY
KQC3,Luibee's Mansion,Kristian Andrewson,CLT
KQC3,Luibee's Mansion,Andrew Griner,CLT
KQC3,Luibee's Mansion,Erin Cowles,CLT
KQC3,PUERTO RICO,Drew Sandquist,NY
KQC3,PUERTO RICO,Marian Wu,NY
KQC3,PUERTO RICO,Anthony Paredes,NY
KQC3,PUERTO RICO,Mustafa Allsop,NY
KQC3,PUERTO RICO,Jorge Hernandez,CLT
KQC3,The Notorious B.E.E.,Chase Reeve,CHA
KQC3,The Notorious B.E.E.,Tyler Fordice,CHA
KQC3,The Notorious B.E.E.,Kenny Hill,CHA
KQC3,The Notorious B.E.E.,Blake Fisher,CHA
KQC3,The Notorious B.E.E.,William Bryant,CHA
KQC3,Eyes on the Hives,James Brown,CLT
KQC3,Eyes on the Hives,Andrew Talarico,CLT
KQC3,Eyes on the Hives,Kyle McKinney,CLT
KQC3,Eyes on the Hives,Ryan Knerr,STL
KQC3,Eyes on the Hives,Matthew Nicholas,CLT
KQC3,fridge genie,John Koutroulakis,CLT
KQC3,fridge genie,Amanda Lax,CLT
KQC3,fridge genie,Maria Barrell,CLT
KQC3,fridge genie,Andy Laber,KC
KQC3,fridge genie,Joe Enrico,CLT
KQC3,Bonus Nap,Kyle Shipwash,CLT
KQC3,Bonus Nap,Stephi Castillo,CLT
KQC3,Bonus Nap,Travis Teta,CLT
KQC3,Bonus Nap,Jose Velasco,CLT
KQC3,Bonus Nap,Aaron Tran,CLT
KQC3,Fyre Fest 2,Troy Stenstrom,MPLS
KQC3,Fyre Fest 2,J Sisk,MPLS
KQC3,Fyre Fest 2,Blake Compton,CBUS
KQC3,Fyre Fest 2,Kevin Merryman,CBUS
KQC3,Fyre Fest 2,Yennhi Vo,CLT
KQC3,Seattle BooperSonics,David Walsh,SEA
KQC3,Seattle BooperSonics,Gabriel Sosa,SEA
KQC3,Seattle BooperSonics,Kevin Marnell,SEA
KQC3,Seattle BooperSonics,Brandon Craig,SEA
KQC3,Seattle BooperSonics,Chris McGrath,SEA
KQC3,Princes Among Boys,Sam Beckman,NY
KQC3,Princes Among Boys,Sarah Greenwood,NY
KQC3,Princes Among Boys,Wyatt Yeong,NY
KQC3,Princes Among Boys,Austin Waters,NY
KQC3,Princes Among Boys,Rob Neuhaus,NY
KQC3,TallBaes,Dan Shupp,SF
KQC3,TallBaes,Scott Wilkewitz,SF
KQC3,TallBaes,Ryan Piaget,SF
KQC3,TallBaes,Felix Yuan,SF
KQC3,TallBaes,Sam Weddle,PHX
KQC3,LaCroix Super Drinkers,Ken Mosley,CBUS
KQC3,LaCroix Super Drinkers,Stuart Lightfoot,CBUS
KQC3,LaCroix Super Drinkers,Nicole De Vall,CLT
KQC3,LaCroix Super Drinkers,Eli Azizy,CLT
KQC3,LaCroix Super Drinkers,Jenna Reynolds,CLT
KQC3,TEAM NAME,Sean Creel,DC
KQC3,TEAM NAME,Emma Atlas,DC
KQC3,TEAM NAME,Sebastian Joseph,DC
KQC3,TEAM NAME,Ryan Cole,DC
KQC3,TEAM NAME,Jason Guy,DC
KQC3,Ol’ Dirty Berries,Deanna Lopez,SFL
KQC3,Ol’ Dirty Berries,Levi - SFL,SFL
KQC3,Ol’ Dirty Berries,Jon Craig,SFL
KQC3,Ol’ Dirty Berries,Casey Campbell,CHA
KQC3,Ol’ Dirty Berries,Jon Lyons,CIN
KQC3,Law & Order,Kevin Constantino,NY
KQC3,Law & Order,Anna Willoughby,ATL
KQC3,Law & Order,Jack Schlesinger,NY
KQC3,Law & Order,Reinaldo McNally,NY
KQC3,Law & Order,Bobby Hutter,CLT
GDC4,Tony's 2D Jelly,Ash Ramirez,SF
GDC4,Tony's 2D Jelly,Derek Nomaddic,SF
GDC4,Tony's 2D Jelly,Kelly Kim,SF
GDC4,Tony's 2D Jelly,Jessica Loginov,SF
GDC4,Tony's 2D Jelly,Tony Hauber,ELK
GDC4,Surprise!,Jeremy Watson,SF
GDC4,Surprise!,Aaron Goldberg,CHI
GDC4,Surprise!,Wyatt Yeong,NY
GDC4,Surprise!,Lev Bakin,MAD
GDC4,Surprise!,Jenn Gilbert,MAD
GDC4,Latter Day Snails,Jared Nyman,SLC
GDC4,Latter Day Snails,McKenna Caldwell,SLC
GDC4,Latter Day Snails,Elyse Freeman,SLC
GDC4,Latter Day Snails,Curtis Clements,SLC
GDC4,Latter Day Snails,Mark Howell,SLC
GDC4,Bay Area Rapid Tappers,Brian Lee,SF
GDC4,Bay Area Rapid Tappers,Steve Halili,SF
GDC4,Bay Area Rapid Tappers,Felix Yuan,SF
GDC4,Bay Area Rapid Tappers,DRay Williams,SF
GDC4,Bay Area Rapid Tappers,Sean Kelly,SF
GDC4,Tylbaes,Dan Shupp,SF
GDC4,Tylbaes,Scott Wilkewitz,SF
GDC4,Tylbaes,Ryan Piaget,SF
GDC4,Tylbaes,Tyler Moloney,PHX
GDC4,Tylbaes,Sam Weddle,PHX
GDC4,Elon Dusk,Pierre LaFortune,SF
GDC4,Elon Dusk,Andrew Dotson,SF
GDC4,Elon Dusk,Gino Miglio,SF
GDC4,Elon Dusk,Brian McMahon,SF
GDC4,Elon Dusk,Matt Wu,SF
GDC4,Bonus Soulless,Kyle Shipwash,CLT
GDC4,Bonus Soulless,Aaron Tran,CLT
GDC4,Bonus Soulless,Stephi Castillo,CLT
GDC4,Bonus Soulless,Travis Teta,CLT
GDC4,Bonus Soulless,Brian Lancaster,CLT
GDC4,The Bees With Two Backs,Damish Shah,PDX
GDC4,The Bees With Two Backs,Imandra McKenzie,PDX
GDC4,The Bees With Two Backs,Dylan Higgins,PDX
GDC4,The Bees With Two Backs,Lex Wilkins,PDX
GDC4,The Bees With Two Backs,Thomas Hardy,PDX
GDC4,Pokemon NO,Jeff Hochgesang,SEA
GDC4,Pokemon NO,Toni Scarlett,SEA
GDC4,Pokemon NO,Jared Gamble,SEA
GDC4,Pokemon NO,Quinn Mazure,SEA
GDC4,Pokemon NO,Nate Sloat,SEA
GDC4,Peach LLC,Cody Frederickson,PDX
GDC4,Peach LLC,Matt Feldkamp,PDX
GDC4,Peach LLC,Heather Davis,SF
GDC4,Peach LLC,Kayla Grothaus,MPLS
GDC4,Peach LLC,Chris Baldwin,MPLS
GDC4,Crossfaded and Scared in Troutdale,Alex Simchuk,PDX
GDC4,Crossfaded and Scared in Troutdale,Matt Abdou,PDX
GDC4,Crossfaded and Scared in Troutdale,Adrian Resquer,PDX
GDC4,Crossfaded and Scared in Troutdale,Julie King,PDX
GDC4,Crossfaded and Scared in Troutdale,Nik Mikros,NY
GDC4,Honeyweight Champions,Zane Cacace,LA
GDC4,Honeyweight Champions,Rusteen Honardoost,LA
GDC4,Honeyweight Champions,Nicole McKeon,LA
GDC4,Honeyweight Champions,Chris Bentley,LA
GDC4,Honeyweight Champions,Matthew Shewfelt,LA
GDC4,Nick@Nite Map,Andi Slobodien,PDX
GDC4,Nick@Nite Map,Belia Portillo,CHI
GDC4,Nick@Nite Map,Melanie Szemis,PDX
GDC4,Nick@Nite Map,Nick Davis,CHI
GDC4,Nick@Nite Map,Nick Higgins,PDX
GDC4,Dope Shit Only,Dylan Lee,PDX
GDC4,Dope Shit Only,Billy Faldo,KC
GDC4,Dope Shit Only,Miranda Steele,SF
GDC4,Dope Shit Only,Tiana Tan,NY
GDC4,Dope Shit Only,Cesar Bustos,CHI
GDC4,Be Bestest,Ken Selby,SEA
GDC4,Be Bestest,Sarah Greenwood,NY
GDC4,Be Bestest,Brian Kang,NY
GDC4,Be Bestest,Jack Salaski,NY
GDC4,Be Bestest,Kevin Marnell,SEA
GDC4,Good Luck,Johnmark Faris,PDX
GDC4,Good Luck,Neal Smith,PDX
GDC4,Good Luck,Kasi White,MPLS
GDC4,Good Luck,Mat Herring,PDX
GDC4,Good Luck,David Garzon,CHI
GDC4,Inherent Vice,Jacob Whiteoak,MPLS
GDC4,Inherent Vice,Amanda Pertwee,CBUS
GDC4,Inherent Vice,Ben Engel,SLC
GDC4,Inherent Vice,Miranda Aguilar,PDX
GDC4,Inherent Vice,Desirae Post,PDX
MGF2,ain't no laws,Austin Kemmer,FM
MGF2,ain't no laws,Keli Gilbertson,FM
MGF2,ain't no laws,Jacob Whiteoak,MPLS
MGF2,ain't no laws,John Schneider,FM
MGF2,ain't no laws,Dustin Kerber,FM
MGF2,Tim Curry & The Mystery of Cheese Pizza,Hilton Jones,MAD
MGF2,Tim Curry & The Mystery of Cheese Pizza,Jenn Gilbert,MAD
MGF2,Tim Curry & The Mystery of Cheese Pizza,Stefen Showers,MAD
MGF2,Tim Curry & The Mystery of Cheese Pizza,Lev Bakin,MAD
MGF2,Tim Curry & The Mystery of Cheese Pizza,Heidi Jones,MAD
MGF2,East Coast Beast Coast,Jacob LaSchultz,CLT
MGF2,East Coast Beast Coast,Courtney LaSchultz,CLT
MGF2,East Coast Beast Coast,Tiana Tan,NY
MGF2,East Coast Beast Coast,Eric Clarkson,BMOR
MGF2,East Coast Beast Coast,Deanna Lopez,NY
MGF2,Two Spoons,Paul Fore,MPLS
MGF2,Two Spoons,Cesar Bustos,CHI
MGF2,Two Spoons,Dexter Chacko,MPLS
MGF2,Two Spoons,Dan Shupp,SF
MGF2,Two Spoons,David Kirk,CHI
MGF2,J Mind,Imandra McKenzie,PDX
MGF2,J Mind,Nick Higgins,PDX
MGF2,J Mind,Michael Esparza,KC
MGF2,J Mind,Jose Velasco,CLT
MGF2,J Mind,Drew Sandquist,NY
MGF2,The Adventure Drone,Christop Corley,CHA
MGF2,The Adventure Drone,Maxwel Knudsen,CHA
MGF2,The Adventure Drone,Chase Reeve,CHA
MGF2,The Adventure Drone,Ryan Nevison,CHA
MGF2,The Adventure Drone,Tyler Fordice,CHA
MGF2,Boops Ahoy,Ryan Knerr,STL
MGF2,Boops Ahoy,Heather Davis,SF
MGF2,Boops Ahoy,Jordan Navarra,CLT
MGF2,Boops Ahoy,Craig Richards,STL
MGF2,Boops Ahoy,Wyatt Yeong,NY
MGF2,Fam in Famine,"Matthew ""Arde"" Zwilling",MPLS
MGF2,Fam in Famine,Dan Miller,MPLS
MGF2,Fam in Famine,Joe Miller,MPLS
MGF2,Fam in Famine,Ryan Rismon,MPLS
MGF2,Fam in Famine,Connor Venteicher,MPLS
MGF2,Super S H A S H Bros.,Rob Neuhaus,NY
MGF2,Super S H A S H Bros.,Carlos DeLaSerda,CBUS
MGF2,Super S H A S H Bros.,Blake Compton,CBUS
MGF2,Super S H A S H Bros.,Mitch Diemert,CBUS
MGF2,Super S H A S H Bros.,Nick Monger,CIN
MGF2,Oh Jeez,Nick Larsen,MPLS
MGF2,Oh Jeez,Jesse Sorensen,MPLS
MGF2,Oh Jeez,Andrea Newell,MPLS
MGF2,Oh Jeez,Jack Salaski,MPLS
MGF2,Oh Jeez,Beau Pulvermacher,MPLS
MGF2,Reeeeeeee,Andrew Quang,CHI
MGF2,Reeeeeeee,J Sisk,MPLS
MGF2,Reeeeeeee,Felix Yuan,SF
MGF2,Reeeeeeee,Nick Davis,CHI
MGF2,Reeeeeeee,Yennhi Vo,MPLS
MGF2,Big Fair Don't Care,Josh Biedenweg,SF
MGF2,Big Fair Don't Care,Kayla Grothaus,UNI
MGF2,Big Fair Don't Care,Chris Baldwin,MPLS
MGF2,Big Fair Don't Care,Aaron Goldberg,CHI
MGF2,Big Fair Don't Care,Kevin Marnell,SEA
MGF2,Mr. Buth's Wild Ride,Justin Buth,CHI
MGF2,Mr. Buth's Wild Ride,Ian Lukidis,CHI
MGF2,Mr. Buth's Wild Ride,Belia Portillo,CHI
MGF2,Mr. Buth's Wild Ride,Heather Browning,SFL
MGF2,Mr. Buth's Wild Ride,Justyn Dooley,BOS
MGF2,Daddy Long Tentacle,Kyle Shipwash,CLT
MGF2,Daddy Long Tentacle,Kasi White,MPLS
MGF2,Daddy Long Tentacle,Brian Lancaster,CLT
MGF2,Daddy Long Tentacle,Troy Stenstrom,MPLS
MGF2,Daddy Long Tentacle,DRay Williams,SF
MGF2,S H A S H Strikes Back,Sam Weddle,SF
MGF2,S H A S H Strikes Back,Helen Lau,CHI
MGF2,S H A S H Strikes Back,Andi Slobodien,PDX
MGF2,S H A S H Strikes Back,Sarah Greenwood,MPLS
MGF2,S H A S H Strikes Back,Hell Logsdon,CBUS
MGF2,Splash of SEA-MIN,Taylor Christianson,MPLS
MGF2,Splash of SEA-MIN,Marina Catherine,MPLS
MGF2,Splash of SEA-MIN,Kelvin Collado,MPLS
MGF2,Splash of SEA-MIN,Jared Gamble,SEA
MGF2,Splash of SEA-MIN,Alex Valdez,MPLS
MGF2,Something Something Toxic,Nathan Palmer,MPLS
MGF2,Something Something Toxic,Michelle Lutz,MPLS
MGF2,Something Something Toxic,Dylan Lee,PDX
MGF2,Something Something Toxic,Shawn Matthew,MPLS
MGF2,Something Something Toxic,Eduardo Martinez Banda,DFW
MGF2,Get Dixie Rekt,Ryan Lescoe,CLT
MGF2,Get Dixie Rekt,Ryan Vile,CBUS
MGF2,Get Dixie Rekt,Hugo Meneses,KC
MGF2,Get Dixie Rekt,Joel Stockard,KC
MGF2,Get Dixie Rekt,Andrew Griner,CLT
MGF2,Trash,Toshi Satow,SEA
MGF2,Trash,Rachel Rohrbach,SEA
MGF2,Trash,Maria Barrell,CLT
MGF2,Trash,Jesse Spalding,MPLS
MGF2,Trash,Micah Wallace,CHA
MGF2,Laser Wolf,Brian Malloy,SFL
MGF2,Laser Wolf,David Benhamu,SFL
MGF2,Laser Wolf,Jon Craig,SFL
MGF2,Laser Wolf,Fez - SFL,SFL
MGF2,Laser Wolf,Levi - SFL,SFL
MGF2,PIZZA,Nick Valentine,MPLS
MGF2,PIZZA,Kat Naden,MPLS
MGF2,PIZZA,Karla Gonzalez,MPLS
MGF2,PIZZA,Alison Jesme,MPLS
MGF2,PIZZA,Francis Sullivan,MPLS
MGF2,HAT GANG,Christos Passalis-Bain,MKE
MGF2,HAT GANG,Eric Brill,MKE
MGF2,HAT GANG,Nate Winter,MKE
MGF2,HAT GANG,"Elizabeth ""Eli"" Bramm",MKE
MGF2,HAT GANG,Kyle Gustafson,MKE
MGF2,Refried Bees,Geovanny Tzarax,MPLS
MGF2,Refried Bees,Carlos Trejo,DFW
MGF2,Refried Bees,Errol Higdon,MPLS
MGF2,Refried Bees,Ken Bougie,MPLS
MGF2,Refried Bees,Shelby Marie,MPLS
MGF2,The Bee Sharps,Sam Tregillus,MPLS
MGF2,The Bee Sharps,Scott Myran,MPLS
MGF2,The Bee Sharps,Jake Helgerson,MPLS
MGF2,The Bee Sharps,Jack Johnson,MPLS
MGF2,The Bee Sharps,Ashleigh Cimino,MPLS
MGF2,Sleeper Scene,Sean White,MPLS
MGF2,Sleeper Scene,Jake Helgerson,MPLS
MGF2,Sleeper Scene,Tiffany Nelson,MPLS
MGF2,Sleeper Scene,Luke Lemke,MPLS
MGF2,Sleeper Scene,Josh Nielsen,MPLS
MGF2,A Team Has No Name,Paul Hillman,MPLS
MGF2,A Team Has No Name,Steve Parker,DC
MGF2,A Team Has No Name,Ian Cummings,MPLS
MGF2,A Team Has No Name,Benton Seybold,SEA
MGF2,A Team Has No Name,Nick Bornemann,MPLS
MGF2,Bazinga,Robert Miller,MPLS
MGF2,Bazinga,Lindsay Miller,MPLS
MGF2,Bazinga,Gabriel Brown,MPLS
MGF2,Bazinga,Nate Fitzgerald,MPLS
MGF2,Bazinga,Gorzo Zorig,MPLS
MGF2,Free Agents,Ben Hagaman,MPLS
MGF2,Free Agents,Johanna Rose,MPLS
MGF2,Free Agents,Emily Montgomery,MPLS
MGF2,Free Agents,Rosalinda Olivares,DFW
MGF2,Free Agents,Bri Mastin,FM
KQ30,Bonus Salt Queen,Blake Compton,CBUS
KQ30,Bonus Salt Queen,Michael Esparza,CHI
KQ30,Bonus Salt Queen,Aaron Tran,CLT
KQ30,Bonus Salt Queen,Stephi Castillo,CLT
KQ30,Bonus Salt Queen,Travis Teta,CLT
KQ30,Hunks,Dylan Conrad,CLT
KQ30,Hunks,John Colby Cook,CHI
KQ30,Hunks,David Garzon,BVTN
KQ30,Hunks,Lev Bakin,MAD
KQ30,Hunks,Jenn Gilbert,MAD
KQ30,ToXXXic,Nathan Palmer,MPLS
KQ30,ToXXXic,Michelle Lutz,MPLS
KQ30,ToXXXic,Josh DeBonis,NY
KQ30,ToXXXic,Amanda DeBonis,NY
KQ30,ToXXXic,Nik Mikros,NY
KQ30,Uh,Woody Stanfield,CHI
KQ30,Uh,Dan Barron,CHI
KQ30,Uh,Rishi Khullar,CHI
KQ30,Uh,Andrew Wilkening,CHI
KQ30,Uh,Ian Lukidis,CHI
KQ30,Queen's Revenge,Courtney LaSchultz,CLT
KQ30,Queen's Revenge,Cheyenne Steel,CLT
KQ30,Queen's Revenge,Jacob LaSchultz,CLT
KQ30,Queen's Revenge,Preston Truett Grigg,CLT
KQ30,Queen's Revenge,Steven Saenz,CLT
KQ30,Bee Bang Banditos,John Koutroulakis,CLT
KQ30,Bee Bang Banditos,Jorge Hernandez,CLT
KQ30,Bee Bang Banditos,Tiana Tan,NY
KQ30,Bee Bang Banditos,Maria Barrell,CLT
KQ30,Bee Bang Banditos,Dylan Higgins,PDX
KQ30,sapnu puas,Kyle Shipwash,CLT
KQ30,sapnu puas,Kasi White,MPLS
KQ30,sapnu puas,Sarah Stewart,MPLS
KQ30,sapnu puas,Bobby Hutter,CLT
KQ30,sapnu puas,Imandra McKenzie,PDX
KQ30,"MATH, But Beta",Hell Logsdon,CBUS
KQ30,"MATH, But Beta",Craig Payne,CBUS
KQ30,"MATH, But Beta",Carlos DeLaSerda,CBUS
KQ30,"MATH, But Beta",Matt Thompson,CBUS
KQ30,"MATH, But Beta",Mitch Diemert,CBUS
KQ30,Melissophilia,Mustafa Allsop,NY
KQ30,Melissophilia,Sarah Greenwood,NY
KQ30,Melissophilia,Andrew Kelley,NY
KQ30,Melissophilia,Anthony Paredes,NY
KQ30,Melissophilia,Peter Williams,NY
KQ30,OK Cool,Brian Lancaster,CLT
KQ30,OK Cool,Joel Stockard,KC
KQ30,OK Cool,JD Look,CHI
KQ30,OK Cool,Andy Laber,KC
KQ30,OK Cool,Deanna Lopez,NY
KQ30,Talk XXX To Me,Alex Hogan,CBUS
KQ30,Talk XXX To Me,Kaylan Ellis,CBUS
KQ30,Talk XXX To Me,Christian Dummermuth,CBUS
KQ30,Talk XXX To Me,Eric Howell,CBUS
KQ30,Talk XXX To Me,Alex Kogan,CHI
KQ30,Domme,Katie Rhodes,CHI
KQ30,Domme,Amanda Lax,CLT
KQ30,Domme,Louise Reilly,MAD
KQ30,Domme,Diana Moya-James,CHI
KQ30,Domme,Josh Eklow,CHI
KQ30,bingu!,Andrew Quang,CHI
KQ30,bingu!,Nick Davis,CHI
KQ30,bingu!,Helen Lau,CHI
KQ30,bingu!,Justin Buth,CHI
KQ30,bingu!,Adriana Chechik,CHI
KQ30,Jen & Micah's 1-Year Anniversary,Jen Wallace,CHA
KQ30,Jen & Micah's 1-Year Anniversary,Micah Wallace,CHA
KQ30,Jen & Micah's 1-Year Anniversary,Amanda Norris,CHA
KQ30,Jen & Micah's 1-Year Anniversary,Christop Corley,CHA
KQ30,Jen & Micah's 1-Year Anniversary,Brian Hennen,CHA
KQ30,The Leftovers,Belia Portillo,CHI
KQ30,The Leftovers,Ryan Waisner,CHI
KQ30,The Leftovers,Adam Blonski,CHI
KQ30,The Leftovers,Jon Duong,CHI
KQ30,The Leftovers,Bri McCabe,CHI
KQ30,JoshB's SF Squad,Josh Biedenweg,SF
KQ30,JoshB's SF Squad,Ash Ramirez,SF
KQ30,JoshB's SF Squad,Felix Yuan,SF
KQ30,JoshB's SF Squad,Steve Halili,SF
KQ30,JoshB's SF Squad,Andrew Dotson,SF
KQ30,Eat My Jorts,Bert Wierenga,CHI
KQ30,Eat My Jorts,Brian Susman,CHI
KQ30,Eat My Jorts,Christina Norton,CHI
KQ30,Eat My Jorts,Kevin Merryman,CBUS
KQ30,Eat My Jorts,Nick Giacone,CHI
KQ30,Seattle BooperSonics,Gabriel Sosa,SEA
KQ30,Seattle BooperSonics,Kevin Marnell,SEA
KQ30,Seattle BooperSonics,Cody Frederickson,PDX
KQ30,Seattle BooperSonics,Tressa Points,SEA
KQ30,Seattle BooperSonics,David Walsh,SEA
KQ30,Sunshine Squad,Alyssa DeMoss,PDX
KQ30,Sunshine Squad,Nick Higgins,PDX
KQ30,Sunshine Squad,Paul Thomas,SEA
KQ30,Sunshine Squad,Jason Galginaitis,PDX
KQ30,Sunshine Squad,Julie King,PDX
KQ30,Shots Fired,Troy Stenstrom,MPLS
KQ30,Shots Fired,J Sisk,MPLS
KQ30,Shots Fired,Connor Venteicher,MPLS
KQ30,Shots Fired,Marian Wu,NY
KQ30,Shots Fired,Kayla Grothaus,MPLS
KQ30,The Yung Knuxxx,Aaron Goldberg,CHI
KQ30,The Yung Knuxxx,David Kirk,CHI
KQ30,The Yung Knuxxx,Cesar Bustos,CHI
KQ30,The Yung Knuxxx,Chris Cadayona,CHI
KQ30,The Yung Knuxxx,Michael Rasnic,CHI
KQ30,LaCroix Super Drank,Stuart Lightfoot,CBUS
KQ30,LaCroix Super Drank,Julia Azarcon,CBUS
KQ30,LaCroix Super Drank,Nik - CBUS - KQ30,CBUS
KQ30,LaCroix Super Drank,Sam Powers,CBUS
KQ30,LaCroix Super Drank,Drew Sandquist,NY
KQ30,Don't Go Chasing Waterfalls,Chase Reeve,CHA
KQ30,Don't Go Chasing Waterfalls,William Bryant,CHA
KQ30,Don't Go Chasing Waterfalls,Tyler Fordice,CHA
KQ30,Don't Go Chasing Waterfalls,Blake Fisher,CHA
KQ30,Don't Go Chasing Waterfalls,Kenny Hill,CHA
KQ30,Fam in Famine,"Matthew ""Arde"" Zwilling",MPLS
KQ30,Fam in Famine,Dan Miller,MPLS
KQ30,Fam in Famine,Joe Miller,MPLS
KQ30,Fam in Famine,Ryan Rismon,MPLS
KQ30,Fam in Famine,Nick Valentine,MPLS
KQ30,LL Sad J,Sam Beckman,NY
KQ30,LL Sad J,Brian Wong,NY
KQ30,LL Sad J,Wyatt Yeong,NY
KQ30,LL Sad J,Austin Waters,NY
KQ30,LL Sad J,Charles Pratt,NY
KQ30,Scott Christopher Aldridge,Austin Turney,KC
KQ30,Scott Christopher Aldridge,Billy Faldo,KC
KQ30,Scott Christopher Aldridge,Brendan McGarry,KC
KQ30,Scott Christopher Aldridge,Jared Douglas,KC
KQ30,Scott Christopher Aldridge,Wyatt Roberts,KC
KQ30,Arcade AF,Ryan Knerr,STL
KQ30,Arcade AF,Craig Richards,STL
KQ30,Arcade AF,Michael Roman,STL
KQ30,Arcade AF,Nick McKeever,STL
KQ30,Arcade AF,DJ Knerr,STL
KQ30,Not Safe for Snail,Andi Slobodien,SF
KQ30,Not Safe for Snail,Johnmark Faris,PDX
KQ30,Not Safe for Snail,DRay Williams,SF
KQ30,Not Safe for Snail,Melanie Szemis,PDX
KQ30,Not Safe for Snail,Miranda Steele,SF
KQ30,Trashturbation,Toshi Satow,SEA
KQ30,Trashturbation,Rachel Rohrbach,SEA
KQ30,Trashturbation,Hilton Jones,MAD
KQ30,Trashturbation,Heidi Jones,MAD
KQ30,Trashturbation,Taylor Christianson,MPLS
KQ30,FaZe Clan,Tyler Moloney,PHX
KQ30,FaZe Clan,Hugo Meneses,KC
KQ30,FaZe Clan,Sam Weddle,PHX
KQ30,FaZe Clan,Eric Clarkson,BMOR
KQ30,FaZe Clan,Kyle Gustafson,MKE
KQ30,Chile Bee-Lleno,Eduardo Martinez Banda,DFW
KQ30,Chile Bee-Lleno,Anthony Sifuentes,DFW
KQ30,Chile Bee-Lleno,Julian Ochoa,DFW
KQ30,Chile Bee-Lleno,Carlos Trejo,DFW
KQ30,Chile Bee-Lleno,Charles Bentley,DFW
KQ30,Stinger Bell,Sebastian Joseph,BMOR
KQ30,Stinger Bell,Emma Atlas,DC
KQ30,Stinger Bell,Todd Blatt,BMOR
KQ30,Stinger Bell,Jessica Kali,BMOR
KQ30,Stinger Bell,Steve Titra,CHI
KQ30,Chum Bucket,Andrew Daugherty,NY
KQ30,Chum Bucket,Brian Kang,NY
KQ30,Chum Bucket,Rob Neuhaus,NY
KQ30,Chum Bucket,Brian McFadden,NY
KQ30,Chum Bucket,Kevin Constantino,NY
KQ30,Spicy: La BoiXXX,Jordan Navarra,CLT
KQ30,Spicy: La BoiXXX,Courtney Elizabeth,CBUS
KQ30,Spicy: La BoiXXX,Andrew Griner,CLT
KQ30,Spicy: La BoiXXX,James Brown,CLT
KQ30,Spicy: La BoiXXX,Zac Robinson,CBUS
KQ30,Thirty Shades of Day,Pierre LaFortune,SF
KQ30,Thirty Shades of Day,Derek Nomaddic,SF
KQ30,Thirty Shades of Day,Tony Hauber,ELK
KQ30,Thirty Shades of Day,Brian McMahon,SF
KQ30,Thirty Shades of Day,Jessica Loginov,SF
KQ30,Some Free Bees,Brandon Robertson,ATX
KQ30,Some Free Bees,Jonathan Pollard,ATX
KQ30,Some Free Bees,Jaimie Bougie,ATX
KQ30,Some Free Bees,Mario Herrera,ATX
KQ30,Some Free Bees,Stephen Kahlke,ATX
KQ30,CHiSP,Dan Shupp,SF
KQ30,CHiSP,Ryan Piaget,SF
KQ30,CHiSP,Brian Lee,SF
KQ30,CHiSP,Kelly Kim,SF
KQ30,CHiSP,Dexter Chacko,MPLS
KQ30,Cora’s Explorers,Cora-Lee Bowman,MPLS
KQ30,Cora’s Explorers,Beau Pulvermacher,MPLS
KQ30,Cora’s Explorers,John Dibella,MPLS
KQ30,Cora’s Explorers,Ian Cummings,MPLS
KQ30,Cora’s Explorers,Alex Valdez,MKE
KQ30,[loud daphane noises],Dylan Lee,PDX
KQ30,[loud daphane noises],Daphane Love,NY
KQ30,[loud daphane noises],Victor Jardim,NY
KQ30,[loud daphane noises],Eli Azizy,CLT
KQ30,[loud daphane noises],Jenna Reynolds,CLT
KQ30,Corn on the Cab,Rodrigo Cabrera,NY
KQ30,Corn on the Cab,Jason Steckey,CLT
KQ30,Corn on the Cab,Jack Schlesinger,NY
KQ30,Corn on the Cab,Ben Mills,NY
KQ30,Corn on the Cab,Gabriel Gray,CLT
KQ30,ALL FOUR ONE,Heather Browning,SFL
KQ30,ALL FOUR ONE,Sebastian Clavero,SFL
KQ30,ALL FOUR ONE,Dave - SFL,SFL
KQ30,ALL FOUR ONE,Fez - SFL,SFL
KQ30,ALL FOUR ONE,Levi - SFL,SFL
KQ30,DON'T PANIC,Alex Panait,NY
KQ30,DON'T PANIC,Casey Campbell,CHI
KQ30,DON'T PANIC,Jose Velasco,CLT
KQ30,DON'T PANIC,Ola Lisowski,MAD
KQ30,DON'T PANIC,Amanda Trexler,CHI
BB4,ClusterDuc,Alex Hogan,CBUS
BB4,ClusterDuc,Lisa Steward,CBUS
BB4,ClusterDuc,Josh Bee,CBUS
BB4,ClusterDuc,Duc Nguyen,CBUS
BB4,ClusterDuc,Victoria Bauscher,CIN
BB4,Dank Booty Apparel Company,DJ Knerr,STL
BB4,Dank Booty Apparel Company,Ryan Knerr,STL
BB4,Dank Booty Apparel Company,Craig Richards,STL
BB4,Dank Booty Apparel Company,Emily Leonard,STL
BB4,Dank Booty Apparel Company,Nick McKeever,STL
BB4,Boops!...I did it again.,Joey LeCompte,SEA
BB4,Boops!...I did it again.,Steven Pulliam,PDX
BB4,Boops!...I did it again.,John Chaney,CLT
BB4,Boops!...I did it again.,Jeffrey Lyman,BOS
BB4,Boops!...I did it again.,Santiago Andaluz Ruiz,BOS
BB4,Arguably,Master Joe,SFL
BB4,Arguably,JP Singian,SFL
BB4,Arguably,Michael Floyd,SFL
BB4,Arguably,Cute Don,SFL
BB4,Arguably,Richard Van,SFL
BB4,Beemeditated Murder,Trevor Luster,DSM
BB4,Beemeditated Murder,Kaitlyn Pace,DFW
BB4,Beemeditated Murder,Stephen Renfroe,DFW
BB4,Beemeditated Murder,Dennis Chern,KC
BB4,Beemeditated Murder,Tony Rojo,MKE
BB4,A Good Sussparilla,Bert Wierenga,CHI
BB4,A Good Sussparilla,David Kirk,CHI
BB4,A Good Sussparilla,Spencer Burton,BOS
BB4,A Good Sussparilla,Eli Azizy,CLT
BB4,A Good Sussparilla,Christina Norton,CHI
BB4,"Dope Hair, Don't Care",Blake Compton,CBUS
BB4,"Dope Hair, Don't Care",Bobby Boehl,CIN
BB4,"Dope Hair, Don't Care",Andy Laber,KC
BB4,"Dope Hair, Don't Care",Matt Thompson,CBUS
BB4,"Dope Hair, Don't Care",Dylan Lee,PDX
BB4,grandpa-billy.rake,Victor Jardim,NY
BB4,grandpa-billy.rake,Daphane Love,NY
BB4,grandpa-billy.rake,Richard Chan,NY
BB4,grandpa-billy.rake,Marian Wu,NY
BB4,grandpa-billy.rake,Mustafa Allsop,NY
BB4,Bring Ingredient,Ian Lukidis,CHI
BB4,Bring Ingredient,Kendra Kop,SF
BB4,Bring Ingredient,Heather Davis,SF
BB4,Bring Ingredient,Alex Kogan,CHI
BB4,Bring Ingredient,Joel Stockard,KC
BB4,BOOM! Tetris,Joe Enrico,CLT
BB4,BOOM! Tetris,Maria Barrell,CLT
BB4,BOOM! Tetris,Ryan Vile,CBUS
BB4,BOOM! Tetris,Jason Maxwell,CHA
BB4,BOOM! Tetris,Camille Cass,CHA
BB4,Big Mac and The McNuggets,Brian McFadden,NY
BB4,Big Mac and The McNuggets,Karl Smith,NY
BB4,Big Mac and The McNuggets,Evan Ritscher,NY
BB4,Big Mac and The McNuggets,Drew Sandquist,NY
BB4,Big Mac and The McNuggets,Jordan Toth,NY
BB4,B. D. Ogre,Zane Cacace,LA
BB4,B. D. Ogre,Brian Knecht,STL
BB4,B. D. Ogre,Kevin Knecht,STL
BB4,B. D. Ogre,Nick Bornemann,MPLS
BB4,B. D. Ogre,Logan Duren,CHA
BB4,I Write Wins Not Strategies,Jordan Navarra,CLT
BB4,I Write Wins Not Strategies,Courtney Hickey,CBUS
BB4,I Write Wins Not Strategies,Andrew Griner,CLT
BB4,I Write Wins Not Strategies,James Brown,CLT
BB4,I Write Wins Not Strategies,Kristian Andrewson,CLT
BB4,Marina & the Diamonds,Marina Catherine,MPLS
BB4,Marina & the Diamonds,Brad Schoenherr,MPLS
BB4,Marina & the Diamonds,Gabriel Gray,CLT
BB4,Marina & the Diamonds,Steve Parker,DC
BB4,Marina & the Diamonds,Joe Pollard,ATX
BB4,Friendly Flyers,Rick Rushing,CHA
BB4,Friendly Flyers,Jack Akins,CHA
BB4,Friendly Flyers,Justin Time,CHA
BB4,Friendly Flyers,Ryan Nevison,CHA
BB4,Friendly Flyers,Frankie Pinkston,CHA
BB4,Dumpster (J)Divers,Brian Aston,JAX
BB4,Dumpster (J)Divers,Matthew Stevenson,JAX
BB4,Dumpster (J)Divers,Aaron Bobby,JAX
BB4,Dumpster (J)Divers,Monica West,JAX
BB4,Dumpster (J)Divers,Jordan Trajano,JAX
BB4,Oishīdesu ka?,Ash Ramirez,SF
BB4,Oishīdesu ka?,John Smith,SF
BB4,Oishīdesu ka?,Chris Dessonville,SF
BB4,Oishīdesu ka?,Nathan Vorhees,PDX
BB4,Oishīdesu ka?,Tony Hauber,ELK
BB4,BumbleTrash,Toshi Satow,SEA
BB4,BumbleTrash,Rachel Rohrbach,SEA
BB4,BumbleTrash,Quinn Mazure,SEA
BB4,BumbleTrash,Katie Rhodes,CHI
BB4,BumbleTrash,Jenna Reynolds,CLT
BB4,Fresh,Sebastian Clavero,SFL
BB4,Fresh,Joe P,SFL
BB4,Fresh,Jabin Thomas,SFL
BB4,Fresh,Brandon Gould,SFL
BB4,Fresh,Alex - SFL,SFL
BB4,Keeper of the Shades™,Alex Panait,NY
BB4,Keeper of the Shades™,Belia Portillo,CHI
BB4,Keeper of the Shades™,Anna Willoughby,ATL
BB4,Keeper of the Shades™,Kyle Gustafson,MKE
BB4,Keeper of the Shades™,Aaron Tran,CLT
BB4,Escarletsgo,James Bishop,SLC
BB4,Escarletsgo,Nickie Bishop,SLC
BB4,Escarletsgo,McKenna Caldwell,SLC
BB4,Escarletsgo,Curtis Clements,SLC
BB4,Escarletsgo,Elyse Freeman,SLC
BB4,Dick Cheney Profited Off The Iraq War,Spencer Kern,CIN
BB4,Dick Cheney Profited Off The Iraq War,John Lyons,CIN
BB4,Dick Cheney Profited Off The Iraq War,Austin Husky,CIN
BB4,Dick Cheney Profited Off The Iraq War,Hayley Huge,CIN
BB4,Dick Cheney Profited Off The Iraq War,JC Statt,CIN
BB4,Double it!,Christop Corley,CHA
BB4,Double it!,Anthony Haats,CHA
BB4,Double it!,Tyler Fordice,CHA
BB4,Double it!,Micah Wallace,CHA
BB4,Double it!,Chase Reeve,CHA
BB4,Bubblegunk Campers,Given Arnold,CHA
BB4,Bubblegunk Campers,Josiah Weaver,CHA
BB4,Bubblegunk Campers,Zach Weaver,CHA
BB4,Bubblegunk Campers,Luis Fortlin,CHA
BB4,Bubblegunk Campers,Duncan Arnold,CHA
BB4,Mr. Buth's Wildest Flex,Justin Buth,CHI
BB4,Mr. Buth's Wildest Flex,JD Look,CLT
BB4,Mr. Buth's Wildest Flex,Eric Clarkson,BMOR
BB4,Mr. Buth's Wildest Flex,Troy Stenstrom,MPLS
BB4,Mr. Buth's Wildest Flex,Melanie Szemis,PDX
BB4,Pierre Escargot,Pierre LaFortune,SF
BB4,Pierre Escargot,Felix Yuan,SF
BB4,Pierre Escargot,Derek Nomaddic,SF
BB4,Pierre Escargot,Gino Miglio,SF
BB4,Pierre Escargot,Brian McMahon,SF
BB4,FSw/oU,Andrew Daugherty,NY
BB4,FSw/oU,Tiana Tan,NY
BB4,FSw/oU,Mike Dooley,NY
BB4,FSw/oU,Jenny Chang,NY
BB4,FSw/oU,Chris Wallace,NY
BB4,HoBB4,Brian Lee,SF
BB4,HoBB4,Andrew Dotson,SF
BB4,HoBB4,Matt Wu,SF
BB4,HoBB4,Kelly Kim,SF
BB4,HoBB4,Ben Oztaly,SF
BB4,Pince Harming,Damish Shah,PDX
BB4,Pince Harming,Miranda Aguilar,PDX
BB4,Pince Harming,Imandra McKenzie,PDX
BB4,Pince Harming,Jason Galginaitis,PDX
BB4,Pince Harming,Ara Roselani,PDX
BB4,chicken nuggets,John Koutroulakis,CLT
BB4,chicken nuggets,Amanda Lax,CLT
BB4,chicken nuggets,Stephi Castillo,CLT
BB4,chicken nuggets,Travis Teta,CLT
BB4,chicken nuggets,Jorge Hernandez,CLT
BB4,#paulallenscard,Alexander Lee,DFW
BB4,#paulallenscard,Bethany Caspersz,CIN
BB4,#paulallenscard,Julie King,PDX
BB4,#paulallenscard,Matt Abdou,PDX
BB4,#paulallenscard,Will Edmonson,DFW
BB4,Pilcerova's Hornets,Justyn Dooley,BOS
BB4,Pilcerova's Hornets,Ceres Lee,BOS
BB4,Pilcerova's Hornets,Thomas Boning,BOS
BB4,Pilcerova's Hornets,Matthew Steele,BOS
BB4,Pilcerova's Hornets,Michael Leuchtenburg,BOS
BB4,Live Laugh Love,J Sisk,MPLS
BB4,Live Laugh Love,Dexter Chacko,MPLS
BB4,Live Laugh Love,Paul Fore,MPLS
BB4,Live Laugh Love,Nick Larsen,MPLS
BB4,Live Laugh Love,Jesse Sorensen,MPLS
BB4,Just Practicing,Kyle Shipwash,CLT
BB4,Just Practicing,Brian Lancaster,CLT
BB4,Just Practicing,Bobby Hutter,CLT
BB4,Just Practicing,Kyle McKinney,CLT
BB4,Just Practicing,Kasi White,MPLS
BB4,POGS,Ryan Lescoe,CLMSP [Charlottapolis]
BB4,POGS,Ryan Rismon,MPLS
BB4,POGS,Nathan Palmer,MPLS
BB4,POGS,Connor Venteicher,MPLS
BB4,POGS,Yennhi Vo,MPLS
BB4,"Honey, I Killed the Queen!",Sebastian Joseph,BMOR
BB4,"Honey, I Killed the Queen!",William Bryant,CHA
BB4,"Honey, I Killed the Queen!",Katie Kasten,DFW
BB4,"Honey, I Killed the Queen!",Amy Louangrath,DFW
BB4,"Honey, I Killed the Queen!",Corey Cossentino,BMOR
BB4,SF Sekrit,Josh Biedenweg,SF
BB4,SF Sekrit,Steve Halili,SF
BB4,SF Sekrit,DRay Williams,SF
BB4,SF Sekrit,Ryan Piaget,SF
BB4,SF Sekrit,Dan Shupp,SF
BB4,Seattle BooperSonics,David Walsh,LA
BB4,Seattle BooperSonics,Kevin Marnell,SEA
BB4,Seattle BooperSonics,Gabriel Sosa,SEA
BB4,Seattle BooperSonics,Chris Baldwin,MPLS
BB4,Seattle BooperSonics,Tressa Points,SEA
BB4,Queen's Revenge,Courtney LaSchultz,CLT
BB4,Queen's Revenge,Jacob LaSchultz,CLT
BB4,Queen's Revenge,Cheyenne Steel,CLT
BB4,Queen's Revenge,Steven Saenz,CLT
BB4,Queen's Revenge,Preston Truett Grigg,CLT
BB4,Ni Howdy,Woody Stanfield,CHI
BB4,Ni Howdy,Dan Barron,CHI
BB4,Ni Howdy,Helen Lau,CHI
BB4,Ni Howdy,Andrew Quang,CHI
BB4,Ni Howdy,Nick Davis,CHI
BB4,Royal Jelly Jamboree,Adam Blonski,CHI
BB4,Royal Jelly Jamboree,Steven Bartel,MAD
BB4,Royal Jelly Jamboree,Peter Gill,MAD
BB4,Royal Jelly Jamboree,Nicole McKeon,LA
BB4,Royal Jelly Jamboree,Rusteen Honardoost,LA
BB4,M A S K S,Sam Weddle,SF
BB4,M A S K S,Sarah Stewart,MPLS
BB4,M A S K S,Andi Slobodien,PDX
BB4,M A S K S,Michelle Lutz,MPLS
BB4,M A S K S,Kayla Grothaus,MPLS
BB4,60%,Sam Beckman,NY
BB4,60%,Sarah Greenwood,NY
BB4,60%,Brian Wong,NY
BB4,60%,Prashant Sridhar,NY
BB4,60%,Charles Pratt,NY
BB4,Super Smash Bees,Sam Powers,CBUS
BB4,Super Smash Bees,Julia Azarcon,CBUS
BB4,Super Smash Bees,Eric Howell,CBUS
BB4,Super Smash Bees,Ammar Ahmed,CLT
BB4,Super Smash Bees,Jason Steckey,CLT
BB4,Sting Theory,Lex Wilkins,PDX
BB4,Sting Theory,Johnmark Faris,PDX
BB4,Sting Theory,Cody Frederickson,PDX
BB4,Sting Theory,Thomas Hardy,PDX
BB4,Sting Theory,Alyssa DeMoss,PDX
BB4,oh no,Rob Neuhaus,NY
BB4,oh no,Deanna Lopez,NY
BB4,oh no,Carlos DeLaSerda,CBUS
BB4,oh no,Jose Velasco,CLT
BB4,oh no,Kevin Constantino,NY
BB4,Spicy Milk,Dylan Conrad,CLT
BB4,Spicy Milk,Cesar Bustos,CHI
BB4,Spicy Milk,Aaron Goldberg,CHI
BB4,Spicy Milk,John Colby Cook,CHI
BB4,Spicy Milk,Chris Cadayona,CHI
BB4,PIZZA,Kevan Smoliak,MPLS
BB4,PIZZA,Nick Valentine,MPLS
BB4,PIZZA,Alison Jesme,MPLS
BB4,PIZZA,Shelby Renee,MPLS
BB4,PIZZA,Francis Sullivan,MPLS
BB4,Top Bottoms,Matthew Anderson,CHA
BB4,Top Bottoms,Nate Johnson,ATL
BB4,Top Bottoms,Sarah Mack,CHA
BB4,Top Bottoms,Blake Fisher,CHA
BB4,Top Bottoms,Craig Stukey,LA
BB4,YUH,Craig Payne,CBUS
BB4,YUH,Hell Logsdon,CBUS
BB4,YUH,Mitch Diemert,CBUS
BB4,YUH,Casey Campbell,CHI
BB4,YUH,Andrew Wilkening,CHI
BB4,The Spectators,Adam Kocis,JAX
BB4,The Spectators,Kristen Ferris,JAX
BB4,The Spectators,Evin Schmidt,JAX
BB4,The Spectators,Vivvian Curran,JAX
BB4,The Spectators,Josh Howlett,JAX
BB4,Mologna Sandwich,Tyler Moloney,PHX
BB4,Mologna Sandwich,Kim Grosso,PHX
BB4,Mologna Sandwich,Burton Flake,PHX
BB4,Mologna Sandwich,Max Sumeta,PHX
BB4,Mologna Sandwich,Sam Gramley,PHX
BB4,Sydney's Side Bees,Sydney Niles,CLT
BB4,Sydney's Side Bees,Andrew Talarico,CLT
BB4,Sydney's Side Bees,Nicole De Vall,CLT
BB4,Sydney's Side Bees,Aaron Carter,CLT
BB4,Sydney's Side Bees,Michael Roman,STL
BB4,Put Your Hands In The Air,Andrew Kelley,NY
BB4,Put Your Hands In The Air,Brian Kang,NY
BB4,Put Your Hands In The Air,Austin Waters,NY
BB4,Put Your Hands In The Air,Wyatt Yeong,NY
BB4,Put Your Hands In The Air,Jack Schlesinger,NY
BB4,What is Coin Op?,Rosalinda Olivares,DFW
BB4,What is Coin Op?,Eduardo Martinez Banda,DFW
BB4,What is Coin Op?,Carlos Trejo,DFW
BB4,What is Coin Op?,Charles Bentley,DFW
BB4,What is Coin Op?,Chris Hailey,DFW
BB4,Some Like It Honk,Jenn Gilbert,MAD
BB4,Some Like It Honk,Lev Bakin,MAD
BB4,Some Like It Honk,Hilton Jones,MAD
BB4,Some Like It Honk,Heidi Jones,MAD
BB4,Some Like It Honk,Stefen Showers,MAD
HH2,Duck Hunt,Chris Dessonville,SF
HH2,Duck Hunt,Maisie Sumo,SF
HH2,Duck Hunt,Yuting Sumo,SF
HH2,Duck Hunt,Ryley (Fr00tFly) Sumo,SF
HH2,Duck Hunt,nykh Sumo,SF
HH2,Bumpkin Spice Latte,James Bishop,SLC
HH2,Bumpkin Spice Latte,Nickie Bishop,SLC
HH2,Bumpkin Spice Latte,Ben Engel,SLC
HH2,Bumpkin Spice Latte,Mark Howell,SLC
HH2,Bumpkin Spice Latte,Elyse Freeman,SLC
HH2,Hive it Our Way,Toni Scarlett,SEA
HH2,Hive it Our Way,Jeff Hochgesang,SEA
HH2,Hive it Our Way,Marian Wu,NY
HH2,Hive it Our Way,Ben Mills,NY
HH2,Hive it Our Way,Kasi White,MPLS
HH2,Got Gitted Good,Woody Stanfield,CHI
HH2,Got Gitted Good,Kaylee Perkizas,SEA
HH2,Got Gitted Good,Brian Lancaster,CLT
HH2,Got Gitted Good,Nick Davis,CHI
HH2,Got Gitted Good,Eduardo Martinez Banda,DFW
HH2,Sumo Berry Boys,Thomas Sumo,SF
HH2,Sumo Berry Boys,Sean Sumo,SF
HH2,Sumo Berry Boys,Duc Sumo,SF
HH2,Sumo Berry Boys,Sam Sumo,SF
HH2,Sumo Berry Boys,Rishi Sumo,SF
HH2,Jennifer Connelly in Phenomena,Zane Cacace,LA
HH2,Jennifer Connelly in Phenomena,Nicole McKeon,LA
HH2,Jennifer Connelly in Phenomena,Rusteen Honardoost,LA
HH2,Jennifer Connelly in Phenomena,Phil Bessenecker,LA
HH2,Jennifer Connelly in Phenomena,Steve Lee,LA
HH2,Bee Day Squad,Toshi Satow,SEA
HH2,Bee Day Squad,Matt Abdou,PDX
HH2,Bee Day Squad,Heather Gardner,PDX
HH2,Bee Day Squad,Jason Galginaitis,PDX
HH2,Bee Day Squad,Nathan Palmer,MPLS
HH2,Two Week Notice,Tyler Moloney,PHX
HH2,Two Week Notice,Felix Yuan,SF
HH2,Two Week Notice,Sam Weddle,SF
HH2,Two Week Notice,Scott Wilkewitz,SF
HH2,Two Week Notice,Kevin Marnell,SEA
HH2,Double Dreygon,Jeremy Watson,SF
HH2,Double Dreygon,Andrew Quang,CHI
HH2,Double Dreygon,Brian McMahon,SF
HH2,Double Dreygon,DRay Williams,SF
HH2,Double Dreygon,Steve Halili,SF
HH2,Mini Mob,Q - Red Bull - HH2,Red Bull
HH2,Mini Mob,Hunter Hatch,Red Bull
HH2,Mini Mob,Anuhia Reimann,Red Bull
HH2,Mini Mob,Natalie Crawford,Red Bull
HH2,Mini Mob,Joseph Galligan,Red Bull
HH2,Game of Combs,Lukas S. - Red Bull - HH2,Red Bull
HH2,Game of Combs,Trever Harley,Red Bull
HH2,Game of Combs,Josh Azuvedo,Red Bull
HH2,Game of Combs,Finn Hawthorn,Red Bull
HH2,Game of Combs,Anthony - Red Bull - HH2,Red Bull
HH2,TEAM SERMOR,Talene Savadian,Red Bull
HH2,TEAM SERMOR,Nicolas Sanguinetti,Red Bull
HH2,TEAM SERMOR,Coltyn Tlumacki,Red Bull
HH2,TEAM SERMOR,Alex Savadian,Red Bull
HH2,TEAM SERMOR,Taylor Larison,Red Bull
HH2,"You, Me, and Rick James",Burton Flake,PHX
HH2,"You, Me, and Rick James",Rik Oclon,PHX
HH2,"You, Me, and Rick James",James Bear,PHX
HH2,"You, Me, and Rick James",Christopher Sharp,PHX
HH2,"You, Me, and Rick James",Josh Spiegel,PHX
HH2,Berry Gives You Wings,McKenna Caldwell,SLC
HH2,Berry Gives You Wings,Maxwell Calehuff,LA
HH2,Berry Gives You Wings,Alex P - SLC,SLC
HH2,Berry Gives You Wings,Neda Xaymountry,LA
HH2,Berry Gives You Wings,Brendan Smythe,LA
HH2,Mulholland Dive,Luis Ballesteros,LA
HH2,Mulholland Dive,Marina Catherine,MPLS
HH2,Mulholland Dive,Curtis Clements,SLC
HH2,Mulholland Dive,Steve Parker,DC
HH2,Mulholland Dive,Carissa Phong,NY
HH2,Queens of the Drone Age,Andrew Daugherty,NY
HH2,Queens of the Drone Age,Carlos Trejo,DFW
HH2,Queens of the Drone Age,Aaron Tran,CLT
HH2,Queens of the Drone Age,Miranda Steele,SF
HH2,Queens of the Drone Age,Gino Miglio,SF