Cor15,KO,Little Red Bicycles,Royal Jellies,0,3,2015-09-19T11:17:26-0500
Cor15,KO,billywitchdoctor.com,Great Gatsbee,3,2,2015-09-19T11:17:26-0500
Cor15,KO,Heartswarming,Nan Er Dang Zhi Qiang,1,3,2015-09-19T11:17:26-0500
Cor15,KO,B-Day,Royal Jellies,0,3,2015-09-19T11:17:33-0500
Cor15,KO,billywitchdoctor.com,Nan Er Dang Zhi Qiang,0,3,2015-09-19T11:37:12-0500
Cor15,KO,Royal Jellies,Nan Er Dang Zhi Qiang,0,4,2015-09-19T11:56:39-0500
Cor15,KO,Great Gatsbee,Heartswarming,3,1,2015-09-19T11:37:12-0500
Cor15,KO,billywitchdoctor.com,Little Red Bicycles,3,0,2015-09-19T11:56:39-0500
Cor15,KO,B-Day,Great Gatsbee,3,0,2015-09-19T12:07:58-0500
Cor15,KO,billywitchdoctor.com,B-Day,0,3,2015-09-19T12:25:02-0500
Cor15,KO,Royal Jellies,B-Day,0,4,2015-09-19T12:47:40-0500
Cor15,KO,Nan Er Dang Zhi Qiang,B-Day,4,1,2015-09-19T13:04:22-0500
Cor16,Swiss,TeamWerk,Garbage Snail Kidz,3,0,2016-10-09T22:04:43+0200
Cor16,Swiss,Ahmad ³,Don't Bee Evil,3,1,2016-10-09T22:04:43+0200
Cor16,Swiss,Lazmos - BTQ,Beediocre,3,0,2016-10-09T22:04:43+0200
Cor16,Swiss,The Rent is Too Damn Hive,Full Snail University,1,3,2016-10-09T22:04:43+0200
Cor16,Swiss,Garbage Snail Kidz,?Beerlung,0,3,2016-10-09T22:04:43+0200
Cor16,Swiss,Beediocre,TeamWerk,0,3,2016-10-09T22:04:43+0200
Cor16,Swiss,Full Snail University,Ahmad ³,2,3,2016-10-09T22:04:44+0200
Cor16,Swiss,The Rent is Too Damn Hive,Lazmos - BTQ,1,3,2016-10-09T22:04:44+0200
Cor16,Swiss,?Beerlung,Don't Bee Evil,3,0,2016-10-09T22:04:44+0200
Cor16,Swiss,Garbage Snail Kidz,Beediocre,0,3,2016-10-09T22:04:44+0200
Cor16,Swiss,TeamWerk,The Rent is Too Damn Hive,3,1,2016-10-09T22:04:44+0200
Cor16,Swiss,Ahmad ³,Lazmos - BTQ,2,3,2016-10-09T22:04:44+0200
Cor16,Swiss,Beediocre,?Beerlung,0,3,2016-10-09T22:04:44+0200
Cor16,Swiss,Full Snail University,Don't Bee Evil,3,2,2016-10-09T22:04:44+0200
Cor16,Swiss,The Rent is Too Damn Hive,Garbage Snail Kidz,3,0,2016-10-09T22:04:44+0200
Cor16,Swiss,Ahmad ³,TeamWerk,0,3,2016-10-09T22:04:44+0200
Cor16,Swiss,?Beerlung,Full Snail University,3,1,2016-10-09T22:04:44+0200
Cor16,Swiss,Beediocre,The Rent is Too Damn Hive,0,3,2016-10-09T22:04:44+0200
Cor16,Swiss,Don't Bee Evil,Lazmos - BTQ,1,3,2016-10-09T22:04:44+0200
Cor16,Swiss,Garbage Snail Kidz,Ahmad ³,0,3,2016-10-09T22:04:44+0200
Cor16,Swiss,The Rent is Too Damn Hive,?Beerlung,0,3,2016-10-09T22:04:44+0200
Cor16,Swiss,Lazmos - BTQ,Full Snail University,1,3,2016-10-09T22:04:44+0200
Cor16,Swiss,Ahmad ³,Beediocre,3,0,2016-10-09T22:04:44+0200
Cor16,Swiss,TeamWerk,Don't Bee Evil,3,0,2016-10-09T22:04:44+0200
Cor16,Swiss,?Beerlung,Lazmos - BTQ,0,3,2016-10-09T22:04:44+0200
Cor16,Swiss,The Rent is Too Damn Hive,Ahmad ³,2,3,2016-10-09T22:04:44+0200
Cor16,Swiss,Full Snail University,TeamWerk,1,3,2016-10-09T22:04:44+0200
Cor16,Swiss,Don't Bee Evil,Garbage Snail Kidz,3,2,2016-10-09T22:04:44+0200
Cor16,Swiss,Ahmad ³,?Beerlung,0,3,2016-10-09T22:04:44+0200
Cor16,Swiss,TeamWerk,Lazmos - BTQ,3,0,2016-10-09T22:04:44+0200
Cor16,Swiss,Garbage Snail Kidz,Full Snail University,0,3,2016-10-09T22:04:44+0200
Cor16,Swiss,Don't Bee Evil,Beediocre,2,3,2016-10-09T22:04:44+0200
Cor16,Swiss,?Beerlung,TeamWerk,1,3,2016-10-09T22:04:44+0200
Cor16,Swiss,Lazmos - BTQ,Garbage Snail Kidz,3,0,2016-10-09T22:04:44+0200
Cor16,Swiss,The Rent is Too Damn Hive,Don't Bee Evil,2,3,2016-10-09T22:04:44+0200
Cor16,Swiss,Full Snail University,Beediocre,3,0,2016-10-09T22:04:44+0200