KQXV,KO,TallBoyz,Malort Sharts,3,0,2016-08-14T01:30:29+0700
KQXV,KO,Man Buns But Better,Harambae Watch,3,0,2016-08-14T01:30:29+0700
KQXV,KO,Sting of Queens,Yass Queens,3,2,2016-08-14T01:30:29+0700
KQXV,KO,LORD MOIST,Fake Palidrones,3,0,2016-08-14T01:30:29+0700
KQXV,KO,Day,TallBoyz,3,0,2016-08-14T02:06:04+0700
KQXV,KO,For Whom the Taco Bell Tolls,Last Call For Alcohol,3,1,2016-08-14T01:30:29+0700
KQXV,KO,The Combunists,Man Buns But Better,3,0,2016-08-14T01:38:26+0700
KQXV,KO,Queenceneara,Dankey Kang,2,3,2016-08-14T01:30:29+0700
KQXV,KO,Tap Water Braised Cabbage,Sting of Queens,3,0,2016-08-14T01:50:55+0700
KQXV,KO,"It's Fine, Fernet About It",Full Snail University,0,3,2016-08-14T01:30:29+0700
KQXV,KO,Pizza on my Nikes,LORD MOIST,3,0,2016-08-14T01:57:57+0700
KQXV,KO,Anaphylaxis,Murder Nerds,3,0,2016-08-14T01:30:29+0700
KQXV,KO,Day,For Whom the Taco Bell Tolls,3,0,2016-08-14T02:47:48+0700
KQXV,KO,The Combunists,Dankey Kang,3,1,2016-08-14T02:58:38+0700
KQXV,KO,Tap Water Braised Cabbage,Full Snail University,3,2,2016-08-14T03:31:54+0700
KQXV,KO,Pizza on my Nikes,Anaphylaxis,3,2,2016-08-14T03:15:05+0700
KQXV,KO,Day,The Combunists,3,0,2016-08-14T05:13:39+0700
KQXV,KO,Tap Water Braised Cabbage,Pizza on my Nikes,1,3,2016-08-14T05:38:58+0700
KQXV,KO,Day,Pizza on my Nikes,3,2,2016-08-14T07:02:57+0700
KQXV,KO,Murder Nerds,Malort Sharts,3,2,2016-08-14T02:40:26+0700
KQXV,KO,"It's Fine, Fernet About It",Harambae Watch,3,0,2016-08-14T03:31:54+0700
KQXV,KO,Queenceneara,Yass Queens,3,2,2016-08-14T02:32:45+0700
KQXV,KO,Last Call For Alcohol,Fake Palidrones,3,0,2016-08-14T02:20:33+0700
KQXV,KO,LORD MOIST,Murder Nerds,0,3,2016-08-14T04:11:54+0700
KQXV,KO,Sting of Queens,"It's Fine, Fernet About It",0,3,2016-08-14T04:20:22+0700
KQXV,KO,Man Buns But Better,Queenceneara,3,0,2016-08-14T03:49:48+0700
KQXV,KO,TallBoyz,Last Call For Alcohol,0,3,2016-08-14T03:40:15+0700
KQXV,KO,Dankey Kang,Murder Nerds,1,3,2016-08-14T05:13:39+0700
KQXV,KO,For Whom the Taco Bell Tolls,"It's Fine, Fernet About It",3,0,2016-08-14T05:01:35+0700
KQXV,KO,Anaphylaxis,Man Buns But Better,3,1,2016-08-14T05:38:58+0700
KQXV,KO,Full Snail University,Last Call For Alcohol,3,0,2016-08-14T05:29:39+0700
KQXV,KO,Murder Nerds,For Whom the Taco Bell Tolls,1,3,2016-08-14T05:58:37+0700
KQXV,KO,Anaphylaxis,Full Snail University,3,0,2016-08-14T06:23:33+0700
KQXV,KO,Tap Water Braised Cabbage,For Whom the Taco Bell Tolls,3,0,2016-08-14T07:02:57+0700
KQXV,KO,The Combunists,Anaphylaxis,2,3,2016-08-14T06:54:28+0700
KQXV,KO,Tap Water Braised Cabbage,Anaphylaxis,1,3,2016-08-14T07:27:30+0700
KQXV,KO,Pizza on my Nikes,Anaphylaxis,3,1,2016-08-14T08:17:09+0700
KQXV,KO,Day,Pizza on my Nikes,3,4,2016-08-14T08:32:26+0700
KQXV,KO,Pizza on my Nikes,Day,2,4,2016-08-14T09:32:21+0700
KQXX,KO,"That's My Hive, I Don't Know You!",Bodied By Jake,3,1,2017-06-25T14:56:56-0500
KQXX,KO,Buzzkill,Gray Duck,3,1,2017-06-25T14:56:56-0500
KQXX,KO,Blood HoNYC,#Blessed,3,0,2017-06-25T14:56:56-0500
KQXX,KO,"Oh, You Betcha!",Superteam: Return of the Private Cab,2,3,2017-06-25T14:56:56-0500
KQXX,KO,"Tryhards, Transplants and Trolls","That's My Hive, I Don't Know You!",3,0,2017-06-25T14:57:33-0500
KQXX,KO,Brood My Hole,FSU,1,3,2017-06-25T14:56:56-0500
KQXX,KO,Salt ðŸ’¯,Buzzkill,1,3,2017-06-25T15:17:22-0500
KQXX,KO,Ding Dong Football,BDSM,3,1,2017-06-25T14:56:56-0500
KQXX,KO,CREEPS,Blood HoNYC,3,0,2017-06-25T15:27:06-0500
KQXX,KO,Aight,MalÃ¶rt & Savior,3,0,2017-06-25T14:56:56-0500
KQXX,KO,Extra Pesto,Superteam: Return of the Private Cab,3,1,2017-06-25T15:50:01-0500
KQXX,KO,Come Bump Us,Pigeon Rats,0,3,2017-06-25T14:56:56-0500
KQXX,KO,"Tryhards, Transplants and Trolls",FSU,3,1,2017-06-25T16:58:33-0500
KQXX,KO,Buzzkill,Ding Dong Football,0,3,2017-06-25T17:10:53-0500
KQXX,KO,CREEPS,Aight,0,3,2017-06-25T17:20:43-0500
KQXX,KO,Extra Pesto,Pigeon Rats,1,3,2017-06-25T17:34:34-0500
KQXX,KO,"Tryhards, Transplants and Trolls",Ding Dong Football,3,0,2017-06-25T19:32:13-0500
KQXX,KO,Aight,Pigeon Rats,3,2,2017-06-25T20:01:35-0500
KQXX,KO,"Tryhards, Transplants and Trolls",Aight,3,0,2017-06-25T22:50:10-0500
KQXX,KO,Come Bump Us,Bodied By Jake,3,0,2017-06-25T16:49:29-0500
KQXX,KO,MalÃ¶rt & Savior,Gray Duck,0,3,2017-06-25T16:36:56-0500
KQXX,KO,BDSM,#Blessed,3,0,2017-06-25T16:21:26-0500
KQXX,KO,Brood My Hole,"Oh, You Betcha!",3,2,2017-06-25T16:06:48-0500
KQXX,KO,Superteam: Return of the Private Cab,Come Bump Us,2,3,2017-06-25T18:19:05-0500
KQXX,KO,Blood HoNYC,Gray Duck,1,3,2017-06-25T18:10:44-0500
KQXX,KO,Salt ðŸ’¯,BDSM,3,0,2017-06-25T18:00:17-0500
KQXX,KO,"That's My Hive, I Don't Know You!",Brood My Hole,1,3,2017-06-25T17:49:13-0500
KQXX,KO,Buzzkill,Come Bump Us,1,3,2017-06-25T19:32:13-0500
KQXX,KO,FSU,Gray Duck,3,1,2017-06-25T19:22:23-0500
KQXX,KO,Extra Pesto,Salt ðŸ’¯,1,3,2017-06-25T20:01:35-0500
KQXX,KO,CREEPS,Brood My Hole,3,1,2017-06-25T19:42:39-0500
KQXX,KO,Come Bump Us,FSU,3,1,2017-06-25T20:46:33-0500
KQXX,KO,Salt ðŸ’¯,CREEPS,1,3,2017-06-25T21:21:19-0500
KQXX,KO,Pigeon Rats,Come Bump Us,3,2,2017-06-25T22:50:10-0500
KQXX,KO,Ding Dong Football,CREEPS,0,3,2017-06-25T22:10:32-0500
KQXX,KO,Pigeon Rats,CREEPS,0,3,2017-06-25T23:17:59-0500
KQXX,KO,Aight,CREEPS,1,3,2017-06-25T23:56:51-0500
KQXX,KO,"Tryhards, Transplants and Trolls",CREEPS,4,2,2017-06-26T00:18:04-0500
KQXX,WC,Gray Duck,Garbage Snail Kids,3,0,2017-06-25T04:35:53+0300
KQXX,WC,"Oh, Hive Mark!",Rob's Slobs,3,1,2017-06-25T04:35:53+0300
KQXX,WC,Freddie Mercury's Wet Dream,"Diners, Dive Ins, and J-Dives",3,0,2017-06-25T04:35:53+0300
KQXX,WC,Bodied By Jake,Spicy Flies,3,0,2017-06-25T04:35:53+0300
KQXX,WC,Z,Mile Hive Club,3,0,2017-06-25T04:35:53+0300
KQXX,WC,Superteam: Return of the Private Cab,What Hive School Did You Go To?,3,1,2017-06-25T04:35:53+0300
KQXX,WC,#Blessed,Kogan's Heroes,3,0,2017-06-25T04:35:54+0300
KQXX,WC,"No, This is Hat Trick",Hive of the Mantis,3,0,2017-06-25T04:35:54+0300
KQXX,WC,Gray Duck,"Oh, Hive Mark!",3,0,2017-06-25T19:34:13+0300
KQXX,WC,Freddie Mercury's Wet Dream,Bodied By Jake,2,3,2017-06-25T19:52:17+0300
KQXX,WC,Z,Superteam: Return of the Private Cab,0,3,2017-06-25T20:13:02+0300
KQXX,WC,#Blessed,"No, This is Hat Trick",3,0,2017-06-25T20:28:55+0300
KQXX,WC,Gray Duck,Bodied By Jake,0,2,2017-06-25T21:09:31+0300
KQXX,WC,Superteam: Return of the Private Cab,#Blessed,0,2,2017-06-25T21:25:21+0300
KQXX,WC,Bodied By Jake,#Blessed,2,0,2017-06-25T21:41:07+0300
KQXX,Groupa,Spicy Flies,Salt ðŸ’¯,0,3,2017-06-24T20:08:27+0400
KQXX,Groupa,#Blessed,Blood HoNYC,1,2,2017-06-24T20:08:27+0400
KQXX,Groupa,Blood HoNYC,Spicy Flies,3,0,2017-06-24T20:08:27+0400
KQXX,Groupa,#Blessed,Salt ðŸ’¯,0,3,2017-06-24T20:08:27+0400
KQXX,Groupa,Spicy Flies,#Blessed,0,3,2017-06-24T20:08:27+0400
KQXX,Groupa,Blood HoNYC,Salt ðŸ’¯,1,2,2017-06-24T20:08:27+0400
KQXX,Groupb,Aight,"Oh, You Betcha!",2,1,2017-06-24T13:18:20-0400
KQXX,Groupb,Hive of the Mantis,Z,0,3,2017-06-24T13:18:20-0400
KQXX,Groupb,Z,Aight,1,2,2017-06-24T13:18:20-0400
KQXX,Groupb,Hive of the Mantis,"Oh, You Betcha!",0,3,2017-06-24T13:18:20-0400
KQXX,Groupb,Aight,Hive of the Mantis,3,0,2017-06-24T13:18:20-0400
KQXX,Groupb,Z,"Oh, You Betcha!",1,2,2017-06-24T13:18:20-0400
KQXX,Groupc,BDSM,Mile Hive Club,3,0,2017-06-24T14:39:31-0400
KQXX,Groupc,"Oh, Hive Mark!",CREEPS,0,3,2017-06-24T14:39:31-0400
KQXX,Groupc,CREEPS,BDSM,3,0,2017-06-24T14:39:31-0400
KQXX,Groupc,"Oh, Hive Mark!",Mile Hive Club,3,0,2017-06-24T14:39:31-0400
KQXX,Groupc,BDSM,"Oh, Hive Mark!",3,0,2017-06-24T14:39:31-0400
KQXX,Groupc,CREEPS,Mile Hive Club,3,0,2017-06-24T14:39:31-0400
KQXX,Groupd,What Hive School Did You Go To?,Ding Dong Football,0,3,2017-06-25T01:06:56+0530
KQXX,Groupd,Gray Duck,"That's My Hive, I Don't Know You!",1,2,2017-06-25T01:06:56+0530
KQXX,Groupd,"That's My Hive, I Don't Know You!",What Hive School Did You Go To?,3,0,2017-06-25T01:06:56+0530
KQXX,Groupd,Gray Duck,Ding Dong Football,1,2,2017-06-25T01:06:56+0530
KQXX,Groupd,What Hive School Did You Go To?,Gray Duck,0,3,2017-06-25T01:06:56+0530
KQXX,Groupd,"That's My Hive, I Don't Know You!",Ding Dong Football,0,3,2017-06-25T01:06:56+0530
KQXX,Groupe,Rob's Slobs,Buzzkill,0,3,2017-06-24T15:52:48-0500
KQXX,Groupe,"Tryhards, Transplants and Trolls",Bodied By Jake,3,0,2017-06-24T15:52:48-0500
KQXX,Groupe,Bodied By Jake,Rob's Slobs,3,0,2017-06-24T15:52:48-0500
KQXX,Groupe,"Tryhards, Transplants and Trolls",Buzzkill,3,0,2017-06-24T15:52:48-0500
KQXX,Groupe,Rob's Slobs,"Tryhards, Transplants and Trolls",0,3,2017-06-24T15:52:48-0500
KQXX,Groupe,Bodied By Jake,Buzzkill,0,3,2017-06-24T15:52:48-0500
KQXX,Groupf,Come Bump Us,"Diners, Dive Ins, and J-Dives",3,0,2017-06-24T14:39:53-0700
KQXX,Groupf,FSU,Superteam: Return of the Private Cab,3,0,2017-06-24T14:39:53-0700
KQXX,Groupf,Superteam: Return of the Private Cab,Come Bump Us,0,3,2017-06-24T14:39:53-0700
KQXX,Groupf,FSU,"Diners, Dive Ins, and J-Dives",3,0,2017-06-24T14:39:53-0700
KQXX,Groupf,Come Bump Us,FSU,2,1,2017-06-24T14:39:53-0700
KQXX,Groupf,Superteam: Return of the Private Cab,"Diners, Dive Ins, and J-Dives",3,0,2017-06-24T14:39:53-0700
KQXX,Groupg,Kogan's Heroes,Pigeon Rats,0,3,2017-06-24T15:55:09-0700
KQXX,Groupg,"No, This is Hat Trick",Extra Pesto,0,3,2017-06-24T15:55:09-0700
KQXX,Groupg,Extra Pesto,Kogan's Heroes,3,0,2017-06-24T15:55:09-0700
KQXX,Groupg,"No, This is Hat Trick",Pigeon Rats,0,3,2017-06-24T15:55:09-0700
KQXX,Groupg,Kogan's Heroes,"No, This is Hat Trick",0,3,2017-06-24T15:55:09-0700
KQXX,Groupg,Extra Pesto,Pigeon Rats,2,1,2017-06-24T15:55:09-0700
KQXX,Grouph,MalÃ¶rt & Savior,Freddie Mercury's Wet Dream,3,0,2017-06-25T05:15:53+0530
KQXX,Grouph,Brood My Hole,Garbage Snail Kids,3,0,2017-06-25T05:15:53+0530
KQXX,Grouph,Garbage Snail Kids,MalÃ¶rt & Savior,0,3,2017-06-25T05:15:53+0530
KQXX,Grouph,Brood My Hole,Freddie Mercury's Wet Dream,2,1,2017-06-25T05:15:53+0530
KQXX,Grouph,MalÃ¶rt & Savior,Brood My Hole,1,2,2017-06-25T05:15:53+0530
KQXX,Grouph,Garbage Snail Kids,Freddie Mercury's Wet Dream,0,3,2017-06-25T05:15:53+0530
KQXXV,KO,Checkers Your Privilege,Ooh Ah Ah Ah Ah,3,1,2018-06-24T13:23:07-0400
KQXXV,KO,FSU,P.E. AbsenBees,3,1,2018-06-24T13:23:07-0400
KQXXV,KO,Pigeon Rats,Full TILT,3,0,2018-06-24T13:23:07-0400
KQXXV,KO,MN Mean,Queen's Revenge,3,1,2018-06-24T13:23:07-0400
KQXXV,KO,quave,Seattle Boopersonics,1,3,2018-06-24T13:23:07-0400
KQXXV,KO,Sam Is Coming,Not So Safe,3,1,2018-06-24T13:23:07-0400
KQXXV,KO,Manners,Bertiful,3,2,2018-06-24T13:23:07-0400
KQXXV,KO,The Five,Bee Trayl,3,0,2018-06-24T13:23:07-0400
KQXXV,KO,Team Break,Checkers Your Privilege,3,0,2018-06-24T13:50:09-0400
KQXXV,KO,DAAT J,FSU,1,3,2018-06-24T14:04:23-0400
KQXXV,KO,Bonus ðŸ‘¸,Pigeon Rats,3,1,2018-06-24T14:15:09-0400
KQXXV,KO,ðŸ¥‘ðŸ‘ž,MN Mean,3,1,2018-06-24T14:33:41-0400
KQXXV,KO,4337 6300 7298 1425,Seattle Boopersonics,3,0,2018-06-24T13:41:30-0400
KQXXV,KO,Goats,Sam Is Coming,0,3,2018-06-24T13:56:31-0400
KQXXV,KO,Yeesh,Manners,3,1,2018-06-24T14:45:56-0400
KQXXV,KO,Pizza on my Nikes,The Five,3,0,2018-06-24T15:06:39-0400
KQXXV,KO,Team Break,FSU,3,0,2018-06-24T15:23:20-0400
KQXXV,KO,Bonus ðŸ‘¸,ðŸ¥‘ðŸ‘ž,0,3,2018-06-24T15:50:35-0400
KQXXV,KO,4337 6300 7298 1425,Sam Is Coming,0,3,2018-06-24T15:46:40-0400
KQXXV,KO,Yeesh,Pizza on my Nikes,3,0,2018-06-24T16:13:49-0400
KQXXV,KO,Team Break,ðŸ¥‘ðŸ‘ž,1,3,2018-06-24T17:57:14-0400
KQXXV,KO,Sam Is Coming,Yeesh,3,2,2018-06-24T18:26:18-0400
KQXXV,KO,ðŸ¥‘ðŸ‘ž,Sam Is Coming,1,3,2018-06-24T20:10:19-0400
KQXXV,KO,The Five,Ooh Ah Ah Ah Ah,3,1,2018-06-24T16:13:49-0400
KQXXV,KO,Manners,P.E. AbsenBees,3,1,2018-06-24T16:02:40-0400
KQXXV,KO,Goats,Full TILT,3,0,2018-06-24T15:46:40-0400
KQXXV,KO,Seattle Boopersonics,Queen's Revenge,1,3,2018-06-24T15:14:55-0400
KQXXV,KO,MN Mean,quave,3,0,2018-06-24T15:50:35-0400
KQXXV,KO,Pigeon Rats,Not So Safe,3,2,2018-06-24T15:34:35-0400
KQXXV,KO,DAAT J,Bertiful,3,2,2018-06-24T15:23:20-0400
KQXXV,KO,Checkers Your Privilege,Bee Trayl,3,1,2018-06-24T15:06:39-0400
KQXXV,KO,The Five,Manners,3,0,2018-06-24T17:15:12-0400
KQXXV,KO,Goats,Queen's Revenge,3,1,2018-06-24T16:39:28-0400
KQXXV,KO,MN Mean,Pigeon Rats,3,1,2018-06-24T17:01:18-0400
KQXXV,KO,DAAT J,Checkers Your Privilege,0,3,2018-06-24T16:36:39-0400
KQXXV,KO,Bonus ðŸ‘¸,The Five,3,2,2018-06-24T17:57:14-0400
KQXXV,KO,FSU,Goats,3,1,2018-06-24T17:45:00-0400
KQXXV,KO,Pizza on my Nikes,MN Mean,3,0,2018-06-24T18:03:22-0400
KQXXV,KO,4337 6300 7298 1425,Checkers Your Privilege,3,0,2018-06-24T18:26:18-0400
KQXXV,KO,Bonus ðŸ‘¸,FSU,1,3,2018-06-24T18:42:48-0400
KQXXV,KO,Pizza on my Nikes,4337 6300 7298 1425,3,2,2018-06-24T19:06:30-0400
KQXXV,KO,Yeesh,FSU,3,2,2018-06-24T19:34:06-0400
KQXXV,KO,Team Break,Pizza on my Nikes,3,2,2018-06-24T20:48:30-0400
KQXXV,KO,Yeesh,Team Break,3,2,2018-06-24T20:48:31-0400
KQXXV,KO,ðŸ¥‘ðŸ‘ž,Yeesh,0,3,2018-06-24T21:46:03-0400
KQXXV,KO,Sam Is Coming,Yeesh,4,2,2018-06-24T22:05:02-0400
KQXXV,WC,Mostly Alex,Must Bee the Honey,3,1,2018-06-23T19:05:38-0500
KQXXV,WC,TOXIC AVENGERS,CHOOSE TO BE HAPPY,3,0,2018-06-23T19:05:38-0500
KQXXV,WC,Not So Safe,Buiser's Bois,3,0,2018-06-23T19:05:38-0500
KQXXV,WC,Ledges of the Hidden Temple,"You're Tearing Me Apart, Lisa!",3,2,2018-06-23T19:05:38-0500
KQXXV,WC,Bee Trayl,Spicy Boiz,3,0,2018-06-23T19:05:37-0500
KQXXV,WC,No More Beeroes,God Slay the Queen,3,0,2018-06-23T19:05:38-0500
KQXXV,WC,Hive of the Mantis,Mostly Alex,1,3,2018-06-23T19:13:57-0500
KQXXV,WC,TOXIC AVENGERS,Not So Safe,0,3,2018-06-23T19:36:42-0500
KQXXV,WC,P.E. AbsenBees,Ledges of the Hidden Temple,3,0,2018-06-23T19:24:25-0500
KQXXV,WC,Bee Trayl,No More Beeroes,3,0,2018-06-23T19:39:52-0500
KQXXV,WC,Mostly Alex,Not So Safe,0,3,2018-06-23T20:09:59-0500
KQXXV,WC,P.E. AbsenBees,Bee Trayl,1,3,2018-06-23T20:16:50-0500
KQXXV,WC,Not So Safe,Bee Trayl,1,3,2018-06-23T20:45:21-0500
KQXXV,WC,Mostly Alex,P.E. AbsenBees,0,4,2018-06-23T20:45:21-0500
KQXXV,GroupA,Bertiful,P.E. AbsenBees,2,1,2018-06-23T12:21:24-0400
KQXXV,GroupA,Team Break,quave,3,0,2018-06-23T12:21:24-0400
KQXXV,GroupA,P.E. AbsenBees,Team Break,0,3,2018-06-23T12:21:24-0400
KQXXV,GroupA,Mostly Alex,Bertiful,0,3,2018-06-23T12:21:24-0400
KQXXV,GroupA,Team Break,Mostly Alex,3,0,2018-06-23T12:21:24-0400
KQXXV,GroupA,quave,P.E. AbsenBees,2,1,2018-06-23T12:21:24-0400
KQXXV,GroupA,Mostly Alex,quave,1,2,2018-06-23T12:21:24-0400
KQXXV,GroupA,Bertiful,Team Break,0,3,2018-06-23T12:21:24-0400
KQXXV,GroupA,quave,Bertiful,3,0,2018-06-23T12:21:24-0400
KQXXV,GroupA,P.E. AbsenBees,Mostly Alex,2,1,2018-06-23T12:21:24-0400
KQXXV,GroupB,MN Mean,Yeesh,1,2,2018-06-23T12:31:55-0400
KQXXV,GroupB,Spicy Boiz,Not So Safe,0,3,2018-06-23T12:31:55-0400
KQXXV,GroupB,Yeesh,Spicy Boiz,3,0,2018-06-23T12:31:55-0400
KQXXV,GroupB,Ooh Ah Ah Ah Ah,MN Mean,1,2,2018-06-23T12:31:55-0400
KQXXV,GroupB,Spicy Boiz,Ooh Ah Ah Ah Ah,0,3,2018-06-23T12:31:55-0400
KQXXV,GroupB,Not So Safe,Yeesh,0,3,2018-06-23T12:31:55-0400
KQXXV,GroupB,Ooh Ah Ah Ah Ah,Not So Safe,3,0,2018-06-23T12:31:55-0400
KQXXV,GroupB,MN Mean,Spicy Boiz,3,0,2018-06-23T12:31:55-0400
KQXXV,GroupB,Not So Safe,MN Mean,0,3,2018-06-23T12:31:55-0400
KQXXV,GroupB,Yeesh,Ooh Ah Ah Ah Ah,3,0,2018-06-23T12:31:55-0400
KQXXV,GroupC,TOXIC AVENGERS,God Slay the Queen,2,1,2018-06-23T15:18:13-0300
KQXXV,GroupC,Seattle Boopersonics,Bonus ðŸ‘¸,0,3,2018-06-23T15:18:13-0300
KQXXV,GroupC,God Slay the Queen,Seattle Boopersonics,0,3,2018-06-23T15:18:13-0300
KQXXV,GroupC,The Five,TOXIC AVENGERS,2,1,2018-06-23T15:18:13-0300
KQXXV,GroupC,Seattle Boopersonics,The Five,0,3,2018-06-23T15:18:13-0300
KQXXV,GroupC,Bonus ðŸ‘¸,God Slay the Queen,3,0,2018-06-23T15:18:13-0300
KQXXV,GroupC,The Five,Bonus ðŸ‘¸,1,2,2018-06-23T15:18:13-0300
KQXXV,GroupC,TOXIC AVENGERS,Seattle Boopersonics,0,3,2018-06-23T15:18:13-0300
KQXXV,GroupC,Bonus ðŸ‘¸,TOXIC AVENGERS,3,0,2018-06-23T15:18:13-0300
KQXXV,GroupC,God Slay the Queen,The Five,0,3,2018-06-23T15:18:13-0300
KQXXV,GroupD,Pizza on my Nikes,Ledges of the Hidden Temple,3,0,2018-06-23T13:14:37-0500
KQXXV,GroupD,Pigeon Rats,Must Bee the Honey,1,2,2018-06-23T13:14:37-0500
KQXXV,GroupD,Ledges of the Hidden Temple,Pigeon Rats,0,3,2018-06-23T13:14:37-0500
KQXXV,GroupD,Checkers Your Privilege,Pizza on my Nikes,0,3,2018-06-23T13:14:37-0500
KQXXV,GroupD,Pigeon Rats,Checkers Your Privilege,2,1,2018-06-23T13:14:37-0500
KQXXV,GroupD,Must Bee the Honey,Ledges of the Hidden Temple,0,3,2018-06-23T13:14:37-0500
KQXXV,GroupD,Checkers Your Privilege,Must Bee the Honey,3,0,2018-06-23T13:14:37-0500
KQXXV,GroupD,Pizza on my Nikes,Pigeon Rats,1,2,2018-06-23T13:14:37-0500
KQXXV,GroupD,Must Bee the Honey,Pizza on my Nikes,0,3,2018-06-23T13:14:37-0500
KQXXV,GroupD,Ledges of the Hidden Temple,Checkers Your Privilege,0,3,2018-06-23T13:14:37-0500
KQXXV,GroupE,FSU,ðŸ¥‘ðŸ‘ž,1,2,2018-06-24T01:36:56+0530
KQXXV,GroupE,Full TILT,"You're Tearing Me Apart, Lisa!",2,1,2018-06-24T01:36:56+0530
KQXXV,GroupE,ðŸ¥‘ðŸ‘ž,Full TILT,2,1,2018-06-24T01:36:56+0530
KQXXV,GroupE,Bee Trayl,FSU,1,2,2018-06-24T01:36:56+0530
KQXXV,GroupE,Full TILT,Bee Trayl,2,1,2018-06-24T01:36:56+0530
KQXXV,GroupE,"You're Tearing Me Apart, Lisa!",ðŸ¥‘ðŸ‘ž,0,3,2018-06-24T01:36:56+0530
KQXXV,GroupE,Bee Trayl,"You're Tearing Me Apart, Lisa!",2,1,2018-06-24T01:36:56+0530
KQXXV,GroupE,FSU,Full TILT,3,0,2018-06-24T01:36:56+0530
KQXXV,GroupE,"You're Tearing Me Apart, Lisa!",FSU,0,3,2018-06-24T01:36:56+0530
KQXXV,GroupE,ðŸ¥‘ðŸ‘ž,Bee Trayl,3,0,2018-06-24T01:36:56+0530
KQXXV,GroupF,Sam Is Coming,DAAT J,1,2,2018-06-23T16:56:33-0300
KQXXV,GroupF,CHOOSE TO BE HAPPY,Manners,0,3,2018-06-23T16:56:33-0300
KQXXV,GroupF,DAAT J,CHOOSE TO BE HAPPY,3,0,2018-06-23T16:56:33-0300
KQXXV,GroupF,Hive of the Mantis,Sam Is Coming,0,3,2018-06-23T16:56:33-0300
KQXXV,GroupF,CHOOSE TO BE HAPPY,Hive of the Mantis,0,3,2018-06-23T16:56:33-0300
KQXXV,GroupF,Manners,DAAT J,2,1,2018-06-23T16:56:33-0300
KQXXV,GroupF,Hive of the Mantis,Manners,1,2,2018-06-23T16:56:33-0300
KQXXV,GroupF,Sam Is Coming,CHOOSE TO BE HAPPY,3,0,2018-06-23T16:56:33-0300
KQXXV,GroupF,Manners,Sam Is Coming,1,2,2018-06-23T16:56:32-0300
KQXXV,GroupF,DAAT J,Hive of the Mantis,3,0,2018-06-23T16:56:33-0300
KQXXV,GroupG,Queen's Revenge,No More Beeroes,2,1,2018-06-23T18:48:54-0300
KQXXV,GroupG,Goats,Buiser's Bois,3,0,2018-06-23T18:48:54-0300
KQXXV,GroupG,No More Beeroes,Goats,0,3,2018-06-23T18:48:54-0300
KQXXV,GroupG,4337 6300 7298 1425,Queen's Revenge,3,0,2018-06-23T18:48:54-0300
KQXXV,GroupG,Goats,4337 6300 7298 1425,1,2,2018-06-23T18:48:54-0300
KQXXV,GroupG,Buiser's Bois,No More Beeroes,1,2,2018-06-23T18:48:54-0300
KQXXV,GroupG,4337 6300 7298 1425,Buiser's Bois,3,0,2018-06-23T18:48:54-0300
KQXXV,GroupG,Queen's Revenge,Goats,0,3,2018-06-23T18:48:54-0300
KQXXV,GroupG,Buiser's Bois,Queen's Revenge,0,3,2018-06-23T18:48:54-0300
KQXXV,GroupG,No More Beeroes,4337 6300 7298 1425,0,3,2018-06-23T18:48:54-0300
MCS-MPLS,KO,I'm Hungry,The Bois Are Back In Town,2,3,2018-04-22T16:09:45-0300
MCS-MPLS,KO,Angelsâ„¢,Dapper Casuals,3,1,2018-04-22T16:09:46-0300
MCS-MPLS,KO,Zero Chill,Don't Worry,3,0,2018-04-22T16:09:46-0300
MCS-MPLS,KO,Deep PJs,Thots and Players,0,3,2018-04-22T16:09:46-0300
MCS-MPLS,KO,Budget Cuts,QBaxChrisAlmonThen,3,0,2018-04-22T16:09:46-0300
MCS-MPLS,KO,Toxic Avengers,Jenn's Goat Rodeo: isn't it Levly,3,1,2018-04-22T16:09:46-0300
MCS-MPLS,KO,MN Mean,The Bois Are Back In Town,3,0,2018-04-22T16:31:58-0300
MCS-MPLS,KO,Angelsâ„¢,Zero Chill,3,0,2018-04-22T16:50:31-0300
MCS-MPLS,KO,The Planeteers,Thots and Players,3,0,2018-04-22T17:05:10-0300
MCS-MPLS,KO,Budget Cuts,Toxic Avengers,3,0,2018-04-22T17:29:31-0300
MCS-MPLS,KO,MN Mean,Angelsâ„¢,0,3,2018-04-22T18:19:26-0300
MCS-MPLS,KO,The Planeteers,Budget Cuts,3,2,2018-04-22T18:40:56-0300
MCS-MPLS,KO,Angelsâ„¢,The Planeteers,1,3,2018-04-22T20:50:55-0300
MCS-MPLS,KO,Dapper Casuals,Don't Worry,3,0,2018-04-22T16:50:31-0300
MCS-MPLS,KO,QBaxChrisAlmonThen,Jenn's Goat Rodeo: isn't it Levly,0,3,2018-04-22T17:29:31-0300
MCS-MPLS,KO,Toxic Avengers,I'm Hungry,3,1,2018-04-22T18:40:56-0300
MCS-MPLS,KO,Thots and Players,Dapper Casuals,2,3,2018-04-22T18:30:46-0300
MCS-MPLS,KO,Zero Chill,Deep PJs,3,0,2018-04-22T18:19:26-0300
MCS-MPLS,KO,The Bois Are Back In Town,Jenn's Goat Rodeo: isn't it Levly,3,2,2018-04-22T18:02:20-0300
MCS-MPLS,KO,Toxic Avengers,Dapper Casuals,3,0,2018-04-22T19:44:16-0300
MCS-MPLS,KO,Zero Chill,The Bois Are Back In Town,3,0,2018-04-22T19:09:45-0300
MCS-MPLS,KO,MN Mean,Toxic Avengers,3,1,2018-04-22T20:34:11-0300
MCS-MPLS,KO,Budget Cuts,Zero Chill,3,0,2018-04-22T20:50:55-0300
MCS-MPLS,KO,MN Mean,Budget Cuts,3,1,2018-04-22T21:23:34-0300
MCS-MPLS,KO,Angelsâ„¢,MN Mean,3,2,2018-04-22T22:06:43-0300
MCS-MPLS,KO,The Planeteers,Angelsâ„¢,4,1,2018-04-22T22:40:48-0300
MCS-CHI,KO,Chihards,Mad Chuck,3,0,2018-05-28T03:02:35+0800
MCS-CHI,KO,Crutch City,Chihards,3,1,2018-05-28T03:18:57+0800
MCS-CHI,KO,Ben.,Tonya Tryharding,3,1,2018-05-28T03:02:35+0800
MCS-CHI,KO,Toxic Avengers,Team B.L.A.K.E,3,1,2018-05-28T03:02:35+0800
MCS-CHI,KO,quietly yeeshes,Los Weâ€™re Up!,0,3,2018-05-28T03:02:35+0800
MCS-CHI,KO,Crutch City,Ben.,2,3,2018-05-28T04:19:54+0800
MCS-CHI,KO,Toxic Avengers,Los Weâ€™re Up!,2,3,2018-05-28T04:08:29+0800
MCS-CHI,KO,Ben.,Los Weâ€™re Up!,3,2,2018-05-28T05:55:56+0800
MCS-CHI,KO,quietly yeeshes,Mad Chuck,3,0,2018-05-28T04:08:29+0800
MCS-CHI,KO,Team B.L.A.K.E,quietly yeeshes,1,3,2018-05-28T04:27:40+0800
MCS-CHI,KO,Tonya Tryharding,Chihards,3,0,2018-05-28T04:19:54+0800
MCS-CHI,KO,Crutch City,quietly yeeshes,0,3,2018-05-28T05:55:56+0800
MCS-CHI,KO,Toxic Avengers,Tonya Tryharding,3,1,2018-05-28T05:09:41+0800
MCS-CHI,KO,quietly yeeshes,Toxic Avengers,3,2,2018-05-28T06:32:06+0800
MCS-CHI,KO,Los Weâ€™re Up!,quietly yeeshes,3,1,2018-05-28T07:28:43+0800
MCS-CHI,KO,Ben.,Los Weâ€™re Up!,4,3,2018-05-28T07:46:24+0800
MCS-CBUS,KO,Not So Safe,Per My Last Email,3,1,2018-09-29T16:19:12-0400
MCS-CBUS,KO,Ninny Bong,ChiffeRobe,3,0,2018-09-29T16:19:12-0400
MCS-CBUS,KO,Toxic Avengers,W A R N I N G,3,0,2018-09-29T16:19:12-0400
MCS-CBUS,KO,ðŸ”¥,Shadow Scene,3,0,2018-09-29T16:19:12-0400
MCS-CBUS,KO,Queen's Revenge,#Lisa4Admin,3,0,2018-09-29T16:19:12-0400
MCS-CBUS,KO,DeBonus Map,BeeBee Metal,3,0,2018-09-29T16:19:12-0400
MCS-CBUS,KO,Olde Towne Killers,SnackÃ©mon GO,3,0,2018-09-29T16:19:12-0400
MCS-CBUS,KO,Yitzbin Awhile,Not So Safe,3,0,2018-09-29T16:37:06-0400
MCS-CBUS,KO,Ninny Bong,Toxic Avengers,3,2,2018-09-29T16:33:50-0400
MCS-CBUS,KO,ðŸ”¥,Queen's Revenge,3,2,2018-09-29T16:47:05-0400
MCS-CBUS,KO,DeBonus Map,Olde Towne Killers,3,1,2018-09-29T17:06:53-0400
MCS-CBUS,KO,Yitzbin Awhile,Ninny Bong,3,1,2018-09-29T17:58:26-0400
MCS-CBUS,KO,ðŸ”¥,DeBonus Map,1,3,2018-09-29T18:16:05-0400
MCS-CBUS,KO,Yitzbin Awhile,DeBonus Map,3,1,2018-09-29T19:06:06-0400
MCS-CBUS,KO,ChiffeRobe,W A R N I N G,3,0,2018-09-29T16:33:50-0400
MCS-CBUS,KO,Shadow Scene,#Lisa4Admin,3,1,2018-09-29T16:47:05-0400
MCS-CBUS,KO,BeeBee Metal,SnackÃ©mon GO,0,3,2018-09-29T17:06:53-0400
MCS-CBUS,KO,Olde Towne Killers,Per My Last Email,3,0,2018-09-29T18:16:05-0400
MCS-CBUS,KO,Queen's Revenge,ChiffeRobe,3,1,2018-09-29T17:54:38-0400
MCS-CBUS,KO,Toxic Avengers,Shadow Scene,3,0,2018-09-29T17:58:26-0400
MCS-CBUS,KO,Not So Safe,SnackÃ©mon GO,3,0,2018-09-29T17:38:21-0400
MCS-CBUS,KO,Olde Towne Killers,Queen's Revenge,3,1,2018-09-29T18:37:01-0400
MCS-CBUS,KO,Toxic Avengers,Not So Safe,3,0,2018-09-29T18:25:02-0400
MCS-CBUS,KO,Ninny Bong,Olde Towne Killers,3,0,2018-09-29T18:52:39-0400
MCS-CBUS,KO,ðŸ”¥,Toxic Avengers,3,2,2018-09-29T19:06:06-0400
MCS-CBUS,KO,Ninny Bong,ðŸ”¥,3,1,2018-09-29T19:26:57-0400
MCS-CBUS,KO,DeBonus Map,Ninny Bong,2,3,2018-09-29T19:42:45-0400
MCS-CBUS,KO,Yitzbin Awhile,Ninny Bong,3,1,2018-09-29T20:10:25-0400
MCS-CBUS,KO,Ninny Bong,Yitzbin Awhile,1,3,2018-09-29T22:15:10-0400
MCS-CBUS,WC,ChiffeRobe,Born to Lose,2,0,2018-09-30T05:38:55+1000
MCS-CBUS,WC,Hogan's Who Evers,Shadow Scene,0,2,2018-09-30T05:38:55+1000
MCS-CBUS,WC,John Carpenter's The Sting,"Anyways, Hereâ€™s Wonderwall",0,2,2018-09-30T05:38:55+1000
MCS-CBUS,WC,BeeBee Metal,Team BuzzGals,2,0,2018-09-30T05:38:55+1000
MCS-CBUS,WC,ChiffeRobe,Shadow Scene,2,0,2018-09-30T05:55:02+1000
MCS-CBUS,WC,"Anyways, Hereâ€™s Wonderwall",BeeBee Metal,0,2,2018-09-30T05:59:59+1000
MCS-CBUS,WC,ChiffeRobe,BeeBee Metal,2,0,2018-09-30T06:08:33+1000
MCS-CBUS,WC,Shadow Scene,"Anyways, Hereâ€™s Wonderwall",3,0,2018-09-30T06:08:33+1000
MCS-CBUS,Group1,DeBonus Map,Born to Lose,3,0,2018-09-29T12:16:59-0400
MCS-CBUS,Group1,#Lisa4Admin,John Carpenter's The Sting,2,1,2018-09-29T12:16:59-0400
MCS-CBUS,Group1,Born to Lose,#Lisa4Admin,0,3,2018-09-29T12:16:59-0400
MCS-CBUS,Group1,Toxic Avengers,DeBonus Map,1,2,2018-09-29T12:16:59-0400
MCS-CBUS,Group1,#Lisa4Admin,Toxic Avengers,0,3,2018-09-29T12:16:59-0400
MCS-CBUS,Group1,John Carpenter's The Sting,Born to Lose,3,0,2018-09-29T12:16:59-0400
MCS-CBUS,Group1,Toxic Avengers,John Carpenter's The Sting,3,0,2018-09-29T12:16:59-0400
MCS-CBUS,Group1,DeBonus Map,#Lisa4Admin,3,0,2018-09-29T12:16:59-0400
MCS-CBUS,Group1,John Carpenter's The Sting,DeBonus Map,0,3,2018-09-29T12:16:59-0400
MCS-CBUS,Group1,Born to Lose,Toxic Avengers,0,3,2018-09-29T12:16:59-0400
MCS-CBUS,Group2,ChiffeRobe,"Anyways, Hereâ€™s Wonderwall",2,1,2018-09-30T02:18:00+1000
MCS-CBUS,Group2,Per My Last Email,Queen's Revenge,1,2,2018-09-30T02:18:00+1000
MCS-CBUS,Group2,"Anyways, Hereâ€™s Wonderwall",Per My Last Email,0,3,2018-09-30T02:18:00+1000
MCS-CBUS,Group2,Ninny Bong,ChiffeRobe,2,1,2018-09-30T02:18:00+1000
MCS-CBUS,Group2,Per My Last Email,Ninny Bong,0,3,2018-09-30T02:18:00+1000
MCS-CBUS,Group2,Queen's Revenge,"Anyways, Hereâ€™s Wonderwall",3,0,2018-09-30T02:18:00+1000
MCS-CBUS,Group2,Ninny Bong,Queen's Revenge,2,1,2018-09-30T02:18:00+1000
MCS-CBUS,Group2,ChiffeRobe,Per My Last Email,1,2,2018-09-30T02:18:00+1000
MCS-CBUS,Group2,Queen's Revenge,ChiffeRobe,1,2,2018-09-30T02:18:00+1000
MCS-CBUS,Group2,"Anyways, Hereâ€™s Wonderwall",Ninny Bong,0,3,2018-09-30T02:18:00+1000
MCS-CBUS,Group1,Olde Towne Killers,Team BuzzGals,3,0,2018-09-29T14:39:26-0300
MCS-CBUS,Group1,W A R N I N G,Hogan's Who Evers,2,1,2018-09-29T14:39:26-0300
MCS-CBUS,Group1,Team BuzzGals,W A R N I N G,1,2,2018-09-29T14:39:26-0300
MCS-CBUS,Group1,Yitzbin Awhile,Olde Towne Killers,3,0,2018-09-29T14:39:25-0300
MCS-CBUS,Group1,W A R N I N G,Yitzbin Awhile,0,3,2018-09-29T14:39:26-0300
MCS-CBUS,Group1,Hogan's Who Evers,Team BuzzGals,2,1,2018-09-29T14:39:26-0300
MCS-CBUS,Group1,Yitzbin Awhile,Hogan's Who Evers,3,0,2018-09-29T14:39:26-0300
MCS-CBUS,Group1,Olde Towne Killers,W A R N I N G,3,0,2018-09-29T14:39:26-0300
MCS-CBUS,Group1,Hogan's Who Evers,Olde Towne Killers,0,3,2018-09-29T14:39:26-0300
MCS-CBUS,Group1,Team BuzzGals,Yitzbin Awhile,0,3,2018-09-29T14:39:26-0300
MCS-CBUS,Group2,Shadow Scene,SnackÃ©mon GO,2,1,2018-09-30T01:39:52+0800
MCS-CBUS,Group2,BeeBee Metal,Not So Safe,1,2,2018-09-30T01:39:52+0800
MCS-CBUS,Group2,SnackÃ©mon GO,BeeBee Metal,2,1,2018-09-30T01:39:52+0800
MCS-CBUS,Group2,ðŸ”¥,Shadow Scene,3,0,2018-09-30T01:39:52+0800
MCS-CBUS,Group2,BeeBee Metal,ðŸ”¥,0,3,2018-09-30T01:39:52+0800
MCS-CBUS,Group2,Not So Safe,SnackÃ©mon GO,2,1,2018-09-30T01:39:52+0800
MCS-CBUS,Group2,ðŸ”¥,Not So Safe,3,0,2018-09-30T01:39:52+0800
MCS-CBUS,Group2,Shadow Scene,BeeBee Metal,1,2,2018-09-30T01:39:52+0800
MCS-CBUS,Group2,Not So Safe,Shadow Scene,3,0,2018-09-30T01:39:52+0800
MCS-CBUS,Group2,SnackÃ©mon GO,ðŸ”¥,1,2,2018-09-30T01:39:52+0800
MGF1,KO,Lovely Berry Bumps,Mustache Militia,0,3,2018-08-26T12:16:03-0600
MGF1,KO,MN Mean,Mustache Militia,3,0,2018-08-26T12:20:33-0600
MGF1,KO,ON A STICK,BAREFOOT and INTOXICATED,3,1,2018-08-26T12:16:03-0600
MGF1,KO,West Virginia,the Bee-52â€™s,3,0,2018-08-26T12:16:03-0600
MGF1,KO,SHASH on your ASH,Kasi and Marina Are Pretty,3,0,2018-08-26T12:16:03-0600
MGF1,KO,Purple Reign,Seattle Beariners,3,0,2018-08-26T12:16:03-0600
MGF1,KO,Country Rhodes,Al Bee Sure!,3,2,2018-08-26T12:16:03-0600
MGF1,KO,Y U Dumb Tho?,Arms Akimbo,3,0,2018-08-26T12:16:03-0600
MGF1,KO,Yennhi and the Jets,Nude Tayne,3,1,2018-08-26T12:16:03-0600
MGF1,KO,MN Mean,ON A STICK,2,3,2018-08-26T14:08:07-0600
MGF1,KO,West Virginia,SHASH on your ASH,2,3,2018-08-26T12:59:49-0600
MGF1,KO,Purple Reign,Country Rhodes,0,3,2018-08-26T13:36:37-0600
MGF1,KO,Y U Dumb Tho?,Yennhi and the Jets,3,0,2018-08-26T13:57:14-0600
MGF1,KO,ON A STICK,SHASH on your ASH,2,3,2018-08-26T16:32:04-0600
MGF1,KO,Country Rhodes,Y U Dumb Tho?,2,3,2018-08-26T16:06:21-0600
MGF1,KO,SHASH on your ASH,Y U Dumb Tho?,0,3,2018-08-26T18:48:16-0600
MGF1,KO,Nude Tayne,Lovely Berry Bumps,3,0,2018-08-26T13:57:14-0600
MGF1,KO,Arms Akimbo,Nude Tayne,2,3,2018-08-26T14:19:25-0600
MGF1,KO,Al Bee Sure!,Seattle Beariners,3,1,2018-08-26T13:36:37-0600
MGF1,KO,Kasi and Marina Are Pretty,the Bee-52â€™s,3,1,2018-08-26T12:59:49-0600
MGF1,KO,BAREFOOT and INTOXICATED,Mustache Militia,3,0,2018-08-26T14:08:07-0600
MGF1,KO,West Virginia,Nude Tayne,3,1,2018-08-26T15:39:48-0600
MGF1,KO,MN Mean,Al Bee Sure!,3,1,2018-08-26T16:32:04-0600
MGF1,KO,Yennhi and the Jets,Kasi and Marina Are Pretty,3,0,2018-08-26T16:06:21-0600
MGF1,KO,Purple Reign,BAREFOOT and INTOXICATED,3,1,2018-08-26T15:54:01-0600
MGF1,KO,West Virginia,MN Mean,3,2,2018-08-26T17:21:25-0600
MGF1,KO,Yennhi and the Jets,Purple Reign,0,3,2018-08-26T17:05:27-0600
MGF1,KO,Country Rhodes,West Virginia,3,2,2018-08-26T18:19:30-0600
MGF1,KO,ON A STICK,Purple Reign,2,3,2018-08-26T18:48:16-0600
MGF1,KO,Country Rhodes,Purple Reign,3,2,2018-08-26T19:25:53-0600
MGF1,KO,SHASH on your ASH,Country Rhodes,3,0,2018-08-26T20:07:50-0600
MGF1,KO,Y U Dumb Tho?,SHASH on your ASH,4,0,2018-08-26T20:21:57-0600
MGF1,GroupUpdown1,West Virginia,Kasi and Marina Are Pretty,3,0,2018-08-25T13:20:47-0500
MGF1,GroupUpdown1,BAREFOOT and INTOXICATED,Seattle Beariners,3,0,2018-08-25T13:20:47-0500
MGF1,GroupUpdown1,Kasi and Marina Are Pretty,BAREFOOT and INTOXICATED,1,2,2018-08-25T13:20:47-0500
MGF1,GroupUpdown1,Country Rhodes,West Virginia,1,2,2018-08-25T13:20:47-0500
MGF1,GroupUpdown1,BAREFOOT and INTOXICATED,Country Rhodes,0,3,2018-08-25T13:20:48-0500
MGF1,GroupUpdown1,Seattle Beariners,Kasi and Marina Are Pretty,0,3,2018-08-25T13:20:48-0500
MGF1,GroupUpdown1,Country Rhodes,Seattle Beariners,2,1,2018-08-25T13:20:48-0500
MGF1,GroupUpdown1,West Virginia,BAREFOOT and INTOXICATED,2,1,2018-08-25T13:20:48-0500
MGF1,GroupUpdown1,Seattle Beariners,West Virginia,0,3,2018-08-25T13:20:48-0500
MGF1,GroupUpdown1,Kasi and Marina Are Pretty,Country Rhodes,0,3,2018-08-25T13:20:48-0500
MGF1,GroupUpdown2,Y U Dumb Tho?,Arms Akimbo,3,0,2018-08-25T12:14:33-0500
MGF1,GroupUpdown2,the Bee-52â€™s,SHASH on your ASH,0,3,2018-08-25T12:14:33-0500
MGF1,GroupUpdown2,SHASH on your ASH,Y U Dumb Tho?,1,2,2018-08-25T12:14:33-0500
MGF1,GroupUpdown2,Arms Akimbo,the Bee-52â€™s,1,2,2018-08-25T12:14:33-0500
MGF1,GroupUpdown2,the Bee-52â€™s,Y U Dumb Tho?,0,3,2018-08-25T12:14:33-0500
MGF1,GroupUpdown2,Arms Akimbo,SHASH on your ASH,0,3,2018-08-25T12:14:33-0500
MAD420,KO,"Beez Resin, Indeed",Grow up and do blow like adults,3,0,2019-04-21T12:41:35-0400
MAD420,KO,Queens of the Stoned Age,"4:35 blaze it...Sorry, traffic was crazy",3,0,2019-04-21T12:41:35-0400
MAD420,KO,Last Berry with Mary Jane,Beesus Snackrificed for our Wins,3,0,2019-04-21T12:41:35-0400
MAD420,KO,Budz Bunny,U,3,0,2019-04-21T12:41:35-0400
MAD420,KO,"Hi High, I'm Dad",NASA's Cancelled Spacewalk (aka Space Babes),3,0,2019-04-21T12:41:35-0400
MAD420,KO,ðŸ”¥,"Beez Resin, Indeed",3,1,2019-04-21T13:11:07-0400
MAD420,KO,Queens of the Stoned Age,Last Berry with Mary Jane,2,3,2019-04-21T13:00:05-0400
MAD420,KO,Smoking a J,Budz Bunny,3,0,2019-04-21T13:23:19-0400
MAD420,KO,CBeeD,"Hi High, I'm Dad",2,3,2019-04-21T13:32:43-0400
MAD420,KO,ðŸ”¥,Last Berry with Mary Jane,3,0,2019-04-21T14:05:28-0400
MAD420,KO,Smoking a J,"Hi High, I'm Dad",3,2,2019-04-21T14:33:43-0400
MAD420,KO,ðŸ”¥,Smoking a J,0,3,2019-04-21T16:47:12-0400
MAD420,KO,"4:35 blaze it...Sorry, traffic was crazy",Beesus Snackrificed for our Wins,0,3,2019-04-21T13:00:05-0400
MAD420,KO,CBeeD,Grow up and do blow like adults,3,0,2019-04-21T14:33:43-0400
MAD420,KO,Budz Bunny,Beesus Snackrificed for our Wins,3,0,2019-04-21T14:14:05-0400
MAD420,KO,Queens of the Stoned Age,U,3,0,2019-04-21T14:05:28-0400
MAD420,KO,"Beez Resin, Indeed",NASA's Cancelled Spacewalk (aka Space Babes),3,0,2019-04-21T13:52:51-0400
MAD420,KO,CBeeD,Budz Bunny,3,0,2019-04-21T15:13:47-0400
MAD420,KO,Queens of the Stoned Age,"Beez Resin, Indeed",3,1,2019-04-21T14:50:28-0400
MAD420,KO,Last Berry with Mary Jane,CBeeD,2,3,2019-04-21T16:36:50-0400
MAD420,KO,"Hi High, I'm Dad",Queens of the Stoned Age,2,3,2019-04-21T16:47:12-0400
MAD420,KO,CBeeD,Queens of the Stoned Age,3,0,2019-04-21T17:25:06-0400
MAD420,KO,ðŸ”¥,CBeeD,3,2,2019-04-21T17:44:34-0400
MAD420,KO,Smoking a J,ðŸ”¥,3,4,2019-04-21T18:06:58-0400
MAD420,KO,ðŸ”¥,Smoking a J,4,1,2019-04-21T18:52:10-0400
MAD420,Group1,"Hi High, I'm Dad",U,3,0,2019-04-20T18:54:54+0200
MAD420,Group1,Queens of the Stoned Age,Beesus Snackrificed for our Wins,3,0,2019-04-20T18:54:54+0200
MAD420,Group1,Smoking a J,"Beez Resin, Indeed",3,0,2019-04-20T18:54:54+0200
MAD420,Group1,Beesus Snackrificed for our Wins,Smoking a J,0,3,2019-04-20T18:54:54+0200
MAD420,Group1,"Beez Resin, Indeed","Hi High, I'm Dad",1,2,2019-04-20T18:54:54+0200
MAD420,Group1,U,Queens of the Stoned Age,0,3,2019-04-20T18:54:54+0200
MAD420,Group1,"Beez Resin, Indeed",Beesus Snackrificed for our Wins,3,0,2019-04-20T18:54:54+0200
MAD420,Group1,Smoking a J,U,3,0,2019-04-20T18:54:54+0200
MAD420,Group1,"Hi High, I'm Dad",Queens of the Stoned Age,1,2,2019-04-20T18:54:54+0200
MAD420,Group1,Queens of the Stoned Age,Smoking a J,2,1,2019-04-20T18:54:54+0200
MAD420,Group1,U,"Beez Resin, Indeed",1,2,2019-04-20T18:54:54+0200
MAD420,Group1,Beesus Snackrificed for our Wins,"Hi High, I'm Dad",0,3,2019-04-20T18:54:54+0200
MAD420,Group1,"Beez Resin, Indeed",Queens of the Stoned Age,2,1,2019-04-20T18:54:54+0200
MAD420,Group1,"Hi High, I'm Dad",Smoking a J,0,3,2019-04-20T18:54:54+0200
MAD420,Group1,Beesus Snackrificed for our Wins,U,1,2,2019-04-20T18:54:54+0200
MAD420,Group2,NASA's Cancelled Spacewalk (aka Space Babes),Grow up and do blow like adults,0,3,2019-04-20T16:51:29-0300
MAD420,Group2,CBeeD,"4:35 blaze it...Sorry, traffic was crazy",3,0,2019-04-20T16:51:29-0300
MAD420,Group2,Last Berry with Mary Jane,ðŸ”¥,0,3,2019-04-20T16:51:29-0300
MAD420,Group2,"4:35 blaze it...Sorry, traffic was crazy",Last Berry with Mary Jane,0,3,2019-04-20T16:51:29-0300
MAD420,Group2,Grow up and do blow like adults,CBeeD,0,3,2019-04-20T16:51:29-0300
MAD420,Group2,Budz Bunny,NASA's Cancelled Spacewalk (aka Space Babes),3,0,2019-04-20T16:51:29-0300
MAD420,Group2,CBeeD,Budz Bunny,3,0,2019-04-20T16:51:29-0300
MAD420,Group2,Last Berry with Mary Jane,Grow up and do blow like adults,3,0,2019-04-20T16:51:29-0300
MAD420,Group2,ðŸ”¥,"4:35 blaze it...Sorry, traffic was crazy",3,0,2019-04-20T16:51:29-0300
MAD420,Group2,Grow up and do blow like adults,ðŸ”¥,0,3,2019-04-20T16:51:29-0300
MAD420,Group2,Budz Bunny,Last Berry with Mary Jane,2,1,2019-04-20T16:51:29-0300
MAD420,Group2,NASA's Cancelled Spacewalk (aka Space Babes),CBeeD,0,3,2019-04-20T16:51:29-0300
MAD420,Group2,Last Berry with Mary Jane,NASA's Cancelled Spacewalk (aka Space Babes),3,0,2019-04-20T16:51:29-0300
MAD420,Group2,ðŸ”¥,Budz Bunny,3,0,2019-04-20T16:51:29-0300
MAD420,Group2,"4:35 blaze it...Sorry, traffic was crazy",Grow up and do blow like adults,0,3,2019-04-20T16:51:29-0300
MAD420,Group2,Budz Bunny,"4:35 blaze it...Sorry, traffic was crazy",3,0,2019-04-20T16:51:29-0300
MAD420,Group2,NASA's Cancelled Spacewalk (aka Space Babes),ðŸ”¥,0,3,2019-04-20T16:51:29-0300
MAD420,Group2,CBeeD,Last Berry with Mary Jane,2,1,2019-04-20T16:51:29-0300
MAD420,Group2,ðŸ”¥,CBeeD,3,0,2019-04-20T16:51:29-0300
MAD420,Group2,"4:35 blaze it...Sorry, traffic was crazy",NASA's Cancelled Spacewalk (aka Space Babes),1,2,2019-04-20T16:51:29-0300
MAD420,Group2,Grow up and do blow like adults,Budz Bunny,2,1,2019-04-20T16:51:29-0300
BnB2,KO,SpongeBoop SpeedPants,Queens of the Drone Age,3,0,2018-04-14T15:17:05-0300
BnB2,KO,Beez Nutz,Beevis & ButtQueen,2,3,2018-04-14T15:17:05-0300
BnB2,KO,Bonus Dab,SpongeBoop SpeedPants,3,0,2018-04-14T15:56:06-0300
BnB2,KO,Chad Felcho & the QuikTrip Deals,How I Met Your Hover,3,2,2018-04-14T15:17:05-0300
BnB2,KO,Monsanto,BEEday GamBEEno,3,0,2018-04-14T15:17:05-0300
BnB2,KO,Oops All Popoffs,The Hive Turkeys,3,0,2018-04-14T15:17:05-0300
BnB2,KO,Woop,Beevis & ButtQueen,3,0,2018-04-14T15:43:10-0300
BnB2,KO,Berry Bangers,CBOIS,3,0,2018-04-14T15:17:05-0300
BnB2,KO,Homecoming,Mark of the Beest,3,0,2018-04-14T15:17:05-0300
BnB2,KO,BEEr Pressure,blackmapmusic.com,3,0,2018-04-14T15:17:05-0300
BnB2,KO,Bonus Dab,Chad Felcho & the QuikTrip Deals,3,0,2018-04-14T17:08:47-0300
BnB2,KO,Monsanto,Oops All Popoffs,3,1,2018-04-14T16:29:28-0300
BnB2,KO,Woop,Berry Bangers,3,2,2018-04-14T17:16:38-0300
BnB2,KO,Homecoming,BEEr Pressure,3,1,2018-04-14T16:58:52-0300
BnB2,KO,Bonus Dab,Monsanto,1,3,2018-04-14T19:17:52-0300
BnB2,KO,Woop,Homecoming,2,3,2018-04-14T19:42:59-0300
BnB2,KO,Monsanto,Homecoming,1,3,2018-04-14T21:36:27-0300
BnB2,KO,blackmapmusic.com,Queens of the Drone Age,3,0,2018-04-14T16:58:52-0300
BnB2,KO,The Hive Turkeys,Beez Nutz,0,3,2018-04-14T16:29:28-0300
BnB2,KO,Mark of the Beest,blackmapmusic.com,0,3,2018-04-14T17:38:54-0300
BnB2,KO,CBOIS,Beevis & ButtQueen,3,2,2018-04-14T17:16:38-0300
BnB2,KO,BEEday GamBEEno,Beez Nutz,0,3,2018-04-14T17:28:15-0300
BnB2,KO,How I Met Your Hover,SpongeBoop SpeedPants,3,0,2018-04-14T17:08:47-0300
BnB2,KO,Oops All Popoffs,blackmapmusic.com,3,0,2018-04-14T18:54:21-0300
BnB2,KO,Chad Felcho & the QuikTrip Deals,CBOIS,3,0,2018-04-14T19:17:52-0300
BnB2,KO,BEEr Pressure,Beez Nutz,3,0,2018-04-14T19:06:04-0300
BnB2,KO,Berry Bangers,How I Met Your Hover,3,2,2018-04-14T19:42:59-0300
BnB2,KO,Oops All Popoffs,Chad Felcho & the QuikTrip Deals,3,0,2018-04-14T20:14:09-0300
BnB2,KO,BEEr Pressure,Berry Bangers,2,3,2018-04-14T20:32:52-0300
BnB2,KO,Woop,Oops All Popoffs,3,0,2018-04-14T21:36:27-0300
BnB2,KO,Bonus Dab,Berry Bangers,3,0,2018-04-14T21:21:39-0300
BnB2,KO,Woop,Bonus Dab,0,3,2018-04-14T21:57:12-0300
BnB2,KO,Monsanto,Bonus Dab,1,3,2018-04-14T22:38:43-0300
BnB2,KO,Homecoming,Bonus Dab,4,2,2018-04-14T22:53:57-0300
BnB3,KO,Sticko Mode,Dank Booty Apparel,1,3,2019-03-30T09:12:56-0700
BnB3,KO,Monsanto (is a lie),Dregs of the Apiary,3,0,2019-03-30T09:12:56-0700
BnB3,KO,Queen's Revenge,James Woods/Ted Nugent 2024,3,1,2019-03-30T09:12:56-0700
BnB3,KO,"High Key, Low Seed",You've Got Snail,1,3,2019-03-30T09:12:56-0700
BnB3,KO,"My Warrior, My Warrior, & Me",OH LAWD WE COMIN',3,2,2019-03-30T09:12:56-0700
BnB3,KO,ofc,Dank Booty Apparel,3,1,2019-03-30T10:00:39-0700
BnB3,KO,Monsanto (is a lie),Queen's Revenge,3,2,2019-03-30T10:32:32-0700
BnB3,KO,Laber of Love,You've Got Snail,3,0,2019-03-30T10:47:22-0700
BnB3,KO,A Few Good Men: You Can't Handle the Buth!,"My Warrior, My Warrior, & Me",1,3,2019-03-30T11:14:16-0700
BnB3,KO,ofc,Monsanto (is a lie),3,2,2019-03-30T11:50:34-0700
BnB3,KO,Laber of Love,"My Warrior, My Warrior, & Me",3,1,2019-03-30T12:48:03-0700
BnB3,KO,ofc,Laber of Love,3,2,2019-03-30T15:25:39-0700
BnB3,KO,Dregs of the Apiary,James Woods/Ted Nugent 2024,0,3,2019-03-30T10:32:32-0700
BnB3,KO,A Few Good Men: You Can't Handle the Buth!,Sticko Mode,3,2,2019-03-30T12:48:03-0700
BnB3,KO,You've Got Snail,James Woods/Ted Nugent 2024,3,2,2019-03-30T12:05:29-0700
BnB3,KO,Queen's Revenge,"High Key, Low Seed",3,0,2019-03-30T11:50:34-0700
BnB3,KO,Dank Booty Apparel,OH LAWD WE COMIN',1,3,2019-03-30T11:35:50-0700
BnB3,KO,A Few Good Men: You Can't Handle the Buth!,You've Got Snail,3,0,2019-03-30T14:07:30-0700
BnB3,KO,Queen's Revenge,OH LAWD WE COMIN',3,2,2019-03-30T13:27:36-0700
BnB3,KO,Monsanto (is a lie),A Few Good Men: You Can't Handle the Buth!,3,0,2019-03-30T15:09:39-0700
BnB3,KO,"My Warrior, My Warrior, & Me",Queen's Revenge,3,2,2019-03-30T15:25:39-0700
BnB3,KO,Monsanto (is a lie),"My Warrior, My Warrior, & Me",3,2,2019-03-30T16:07:39-0700
BnB3,KO,Laber of Love,Monsanto (is a lie),3,2,2019-03-30T16:44:05-0700
BnB3,KO,ofc,Laber of Love,4,2,2019-03-30T17:10:50-0700
WC1,KO,Shadow Scene,Buzzthrill,2,3,2018-01-13T16:16:26-0800
WC1,KO,"Oh My Lantis, Look At That Mantis",Left Handed Buttons,3,0,2018-01-13T16:16:26-0800
WC1,KO,Team Break,Buzzthrill,3,0,2018-01-13T16:37:00-0800
WC1,KO,Frostbuzz,Pigeon Rats,0,3,2018-01-13T16:16:27-0800
WC1,KO,Team Bee Rake,"Oh My Lantis, Look At That Mantis",3,0,2018-01-13T16:46:54-0800
WC1,KO,Dre's Mom,Snailblazers,1,3,2018-01-13T17:27:57-0800
WC1,KO,Team Break,Pigeon Rats,3,0,2018-01-13T17:15:01-0800
WC1,KO,Team Bee Rake,Snailblazers,2,3,2018-01-13T17:37:56-0800
WC1,KO,Team Break,Snailblazers,3,0,2018-01-13T19:42:44-0800
WC1,KO,Dre's Mom,Shadow Scene,3,1,2018-01-13T17:28:06-0800
WC1,KO,Frostbuzz,Left Handed Buttons,3,0,2018-01-13T17:15:01-0800
WC1,KO,"Oh My Lantis, Look At That Mantis",Dre's Mom,3,1,2018-01-13T18:19:11-0800
WC1,KO,Buzzthrill,Frostbuzz,0,3,2018-01-13T17:55:34-0800
WC1,KO,Pigeon Rats,"Oh My Lantis, Look At That Mantis",3,2,2018-01-13T19:04:06-0800
WC1,KO,Team Bee Rake,Frostbuzz,3,2,2018-01-13T19:42:44-0800
WC1,KO,Pigeon Rats,Team Bee Rake,0,3,2018-01-13T20:28:25-0800
WC1,KO,Snailblazers,Team Bee Rake,0,3,2018-01-13T20:52:52-0800
WC1,KO,Team Break,Team Bee Rake,4,2,2018-01-13T21:11:44-0800
WC1,WC,Buzzthrill,You didn't say the magic word!,2,0,2018-01-13T17:31:31-0500
WC1,WC,Team Broken,Pickle Back Rick,1,2,2018-01-13T17:31:31-0500
WC1,WC,Left Handed Buttons,"Uh... Checks, please!",2,1,2018-01-13T17:31:31-0500
WC1,WC,How I Met Your Hover,Jaynesaw and Her Bearded Berry Boys,2,0,2018-01-13T17:31:31-0500
WC1,WC,Buzzthrill,Pickle Back Rick,2,0,2018-01-13T18:20:42-0500
WC1,WC,Left Handed Buttons,How I Met Your Hover,2,0,2018-01-13T18:35:50-0500
WC1,WC,Buzzthrill,Left Handed Buttons,2,1,2018-01-13T18:50:47-0500
WC1,Groups,Pigeon Rats,Team Bee Rake,1,2,2018-01-14T00:59:05+0700
WC1,Groups,Jaynesaw and Her Bearded Berry Boys,How I Met Your Hover,0,2,2018-01-14T00:59:05+0700
WC1,Groups,How I Met Your Hover,Pigeon Rats,0,2,2018-01-14T00:59:05+0700
WC1,Groups,Team Bee Rake,Jaynesaw and Her Bearded Berry Boys,2,0,2018-01-14T00:59:05+0700
WC1,Groups,Jaynesaw and Her Bearded Berry Boys,Pigeon Rats,0,2,2018-01-14T00:59:05+0700
WC1,Groups,Team Bee Rake,How I Met Your Hover,2,0,2018-01-14T00:59:05+0700
WC1,Groups,Dre's Mom,Shadow Scene,2,0,2018-01-14T00:59:05+0700
WC1,Groups,Team Broken,You didn't say the magic word!,2,0,2018-01-14T00:59:05+0700
WC1,Groups,You didn't say the magic word!,Dre's Mom,0,2,2018-01-14T00:59:05+0700
WC1,Groups,Shadow Scene,Team Broken,2,0,2018-01-14T00:59:05+0700
WC1,Groups,Team Broken,Dre's Mom,0,2,2018-01-14T00:59:05+0700
WC1,Groups,Shadow Scene,You didn't say the magic word!,2,0,2018-01-14T00:59:05+0700
WC1,Groups,"Uh... Checks, please!",Buzzthrill,0,2,2018-01-14T00:59:05+0700
WC1,Groups,Frostbuzz,"Oh My Lantis, Look At That Mantis",2,0,2018-01-14T00:59:05+0700
WC1,Groups,"Oh My Lantis, Look At That Mantis","Uh... Checks, please!",2,0,2018-01-14T00:59:05+0700
WC1,Groups,Buzzthrill,Frostbuzz,2,1,2018-01-14T00:59:05+0700
WC1,Groups,Frostbuzz,"Uh... Checks, please!",2,0,2018-01-14T00:59:05+0700
WC1,Groups,Buzzthrill,"Oh My Lantis, Look At That Mantis",0,2,2018-01-14T00:59:05+0700
WC1,Groups,Team Break,Left Handed Buttons,2,0,2018-01-14T00:59:05+0700
WC1,Groups,Snailblazers,Pickle Back Rick,2,0,2018-01-14T00:59:05+0700
WC1,Groups,Pickle Back Rick,Team Break,0,2,2018-01-14T00:59:06+0700
WC1,Groups,Left Handed Buttons,Snailblazers,1,2,2018-01-14T00:59:06+0700
WC1,Groups,Snailblazers,Team Break,0,2,2018-01-14T00:59:06+0700
WC1,Groups,Left Handed Buttons,Pickle Back Rick,2,1,2018-01-14T00:59:06+0700
WC2,KO,Your Worst Flightmare,The White Walkers,1,3,2019-01-13T04:11:13+0200
WC2,KO,Big Cow,#FLUIDS,0,3,2019-01-13T04:11:13+0200
WC2,KO,Did you sign the cone?,The White Walkers,3,0,2019-01-13T04:23:01+0200
WC2,KO,Bone A Snap,[lbn],1,3,2019-01-13T04:11:13+0200
WC2,KO,Bonus Nap,#FLUIDS,3,0,2019-01-13T04:34:58+0200
WC2,KO,MATH,U.S.S. Bumble Bear,3,0,2019-01-13T04:11:13+0200
WC2,KO,Did you sign the cone?,[lbn],0,3,2019-01-13T05:05:06+0200
WC2,KO,Bonus Nap,MATH,3,0,2019-01-13T05:18:19+0200
WC2,KO,[lbn],Bonus Nap,1,3,2019-01-13T06:35:49+0200
WC2,KO,U.S.S. Bumble Bear,Your Worst Flightmare,3,0,2019-01-13T04:57:38+0200
WC2,KO,Bone A Snap,Big Cow,3,1,2019-01-13T04:49:37+0200
WC2,KO,#FLUIDS,U.S.S. Bumble Bear,3,1,2019-01-13T05:44:49+0200
WC2,KO,The White Walkers,Bone A Snap,1,3,2019-01-13T05:35:12+0200
WC2,KO,Did you sign the cone?,#FLUIDS,3,1,2019-01-13T06:17:04+0200
WC2,KO,MATH,Bone A Snap,3,0,2019-01-13T06:35:49+0200
WC2,KO,Did you sign the cone?,MATH,3,1,2019-01-13T06:59:56+0200
WC2,KO,[lbn],Did you sign the cone?,3,2,2019-01-13T07:31:06+0200
WC2,KO,Bonus Nap,[lbn],0,4,2019-01-13T07:46:27+0200
WC2,KO,[lbn],Bonus Nap,0,4,2019-01-13T08:33:35+0200
WC2,WC,Stinger Bell,DJ BHAM,1,2,2019-01-13T07:08:39+0700
WC2,WC,Snerflrgs,Free Agents Team,2,0,2019-01-13T07:08:39+0700
WC2,WC,Great Personalibees,Win MO Games,1,2,2019-01-13T07:08:39+0700
WC2,WC,CBUZZ,ManBearSnail,2,0,2019-01-13T07:08:39+0700
WC2,WC,#FLUIDS,DJ BHAM,2,0,2019-01-13T07:21:01+0700
WC2,WC,"Stay Golden, PonyBOI",Snerflrgs,2,0,2019-01-13T07:28:59+0700
WC2,WC,The White Walkers,Win MO Games,2,1,2019-01-13T07:40:08+0700
WC2,WC,God Slay the Queen,CBUZZ,2,0,2019-01-13T07:45:50+0700
WC2,WC,#FLUIDS,"Stay Golden, PonyBOI",2,1,2019-01-13T08:10:26+0700
WC2,WC,The White Walkers,God Slay the Queen,2,1,2019-01-13T08:27:01+0700
WC2,WC,#FLUIDS,The White Walkers,2,0,2019-01-13T08:54:18+0700
WC2,Groups,"Stay Golden, PonyBOI",Great Personalibees,3,0,2019-01-12T11:55:28-0500
WC2,Groups,Bone A Snap,Win MO Games,2,1,2019-01-12T11:55:28-0500
WC2,Groups,Great Personalibees,Bone A Snap,0,3,2019-01-12T11:55:28-0500
WC2,Groups,[lbn],"Stay Golden, PonyBOI",3,0,2019-01-12T11:55:28-0500
WC2,Groups,Bone A Snap,[lbn],2,1,2019-01-12T11:55:28-0500
WC2,Groups,Win MO Games,Great Personalibees,0,3,2019-01-12T11:55:28-0500
WC2,Groups,[lbn],Win MO Games,3,0,2019-01-12T11:55:28-0500
WC2,Groups,"Stay Golden, PonyBOI",Bone A Snap,0,3,2019-01-12T11:55:28-0500
WC2,Groups,Win MO Games,"Stay Golden, PonyBOI",0,3,2019-01-12T11:55:28-0500
WC2,Groups,Great Personalibees,[lbn],0,3,2019-01-12T11:55:28-0500
WC2,Groups,The White Walkers,ManBearSnail,3,0,2019-01-12T11:55:28-0500
WC2,Groups,Big Cow,CBUZZ,3,0,2019-01-12T11:55:28-0500
WC2,Groups,ManBearSnail,Big Cow,0,3,2019-01-12T11:55:28-0500
WC2,Groups,Bonus Nap,The White Walkers,3,0,2019-01-12T11:55:28-0500
WC2,Groups,Big Cow,Bonus Nap,1,2,2019-01-12T11:55:28-0500
WC2,Groups,CBUZZ,ManBearSnail,3,0,2019-01-12T11:55:28-0500
WC2,Groups,Bonus Nap,CBUZZ,3,0,2019-01-12T11:55:28-0500
WC2,Groups,The White Walkers,Big Cow,1,2,2019-01-12T11:55:28-0500
WC2,Groups,CBUZZ,The White Walkers,0,3,2019-01-12T11:55:28-0500
WC2,Groups,ManBearSnail,Bonus Nap,0,3,2019-01-12T11:55:28-0500
WC2,Groups,U.S.S. Bumble Bear,DJ BHAM,3,0,2019-01-12T11:55:28-0500
WC2,Groups,God Slay the Queen,Stinger Bell,3,0,2019-01-12T11:55:28-0500
WC2,Groups,DJ BHAM,God Slay the Queen,0,3,2019-01-12T11:55:28-0500
WC2,Groups,MATH,U.S.S. Bumble Bear,2,1,2019-01-12T11:55:28-0500
WC2,Groups,God Slay the Queen,MATH,0,3,2019-01-12T11:55:28-0500
WC2,Groups,Stinger Bell,DJ BHAM,2,1,2019-01-12T11:55:28-0500
WC2,Groups,MATH,Stinger Bell,3,0,2019-01-12T11:55:28-0500
WC2,Groups,U.S.S. Bumble Bear,God Slay the Queen,2,1,2019-01-12T11:55:28-0500
WC2,Groups,Stinger Bell,U.S.S. Bumble Bear,0,3,2019-01-12T11:55:28-0500
WC2,Groups,DJ BHAM,MATH,0,3,2019-01-12T11:55:28-0500
WC2,Groups,#FLUIDS,Free Agents Team,3,0,2019-01-12T11:55:28-0500
WC2,Groups,Snerflrgs,Your Worst Flightmare,1,2,2019-01-12T11:55:28-0500
WC2,Groups,Free Agents Team,Snerflrgs,0,3,2019-01-12T11:55:28-0500
WC2,Groups,Did you sign the cone?,#FLUIDS,3,0,2019-01-12T11:55:28-0500
WC2,Groups,Snerflrgs,Did you sign the cone?,0,3,2019-01-12T11:55:28-0500
WC2,Groups,Your Worst Flightmare,Free Agents Team,3,0,2019-01-12T11:55:28-0500
WC2,Groups,Did you sign the cone?,Your Worst Flightmare,3,0,2019-01-12T11:55:28-0500
WC2,Groups,#FLUIDS,Snerflrgs,3,0,2019-01-12T11:55:28-0500
WC2,Groups,Your Worst Flightmare,#FLUIDS,2,1,2019-01-12T11:55:28-0500
WC2,Groups,Free Agents Team,Did you sign the cone?,0,3,2019-01-12T11:55:28-0500
WC3,KO,ðŸ”¥ðŸ—ºðŸš«ðŸ”ªðŸ’€,Fart Narc,3,0,2020-01-18T15:36:54-0500
WC3,KO,63.49,John Carpenter's The Sting,3,0,2020-01-18T15:36:54-0500
WC3,KO,Sheeeeeeeeeit,Coy Koi,3,0,2020-01-18T15:36:54-0500
WC3,KO,Just gimme a sec,Bee Bear Banditos,3,0,2020-01-18T15:36:54-0500
WC3,KO,Miami Yeet,Hittin Sticks Since '96,3,1,2020-01-18T15:36:54-0500
WC3,KO,Sarah and the Sassi Bois,Check's Mix,3,0,2020-01-18T15:36:54-0500
WC3,KO,"Definitely, Kinda Safe?",Snacks,3,0,2020-01-18T15:36:54-0500
WC3,KO,Toss a Coin to your Twitcher,ðŸ”¥ðŸ—ºðŸš«ðŸ”ªðŸ’€,3,1,2020-01-18T16:33:42-0500
WC3,KO,63.49,Sheeeeeeeeeit,0,3,2020-01-18T16:49:30-0500
WC3,KO,Just gimme a sec,Miami Yeet,3,0,2020-01-18T17:10:20-0500
WC3,KO,Sarah and the Sassi Bois,"Definitely, Kinda Safe?",2,3,2020-01-18T17:25:57-0500
WC3,KO,Toss a Coin to your Twitcher,Sheeeeeeeeeit,3,1,2020-01-18T18:46:16-0500
WC3,KO,Just gimme a sec,"Definitely, Kinda Safe?",0,3,2020-01-18T19:25:04-0500
WC3,KO,Toss a Coin to your Twitcher,"Definitely, Kinda Safe?",3,2,2020-01-18T21:11:56-0500
WC3,KO,John Carpenter's The Sting,Coy Koi,3,1,2020-01-18T16:49:30-0500
WC3,KO,Bee Bear Banditos,Hittin Sticks Since '96,3,2,2020-01-18T17:10:20-0500
WC3,KO,Check's Mix,Snacks,0,3,2020-01-18T17:25:57-0500
WC3,KO,Sarah and the Sassi Bois,Fart Narc,3,0,2020-01-18T19:25:04-0500
WC3,KO,Miami Yeet,John Carpenter's The Sting,3,0,2020-01-18T18:56:03-0500
WC3,KO,63.49,Bee Bear Banditos,3,0,2020-01-18T18:46:16-0500
WC3,KO,ðŸ”¥ðŸ—ºðŸš«ðŸ”ªðŸ’€,Snacks,3,2,2020-01-18T18:36:16-0500
WC3,KO,Sarah and the Sassi Bois,Miami Yeet,3,1,2020-01-18T20:09:20-0500
WC3,KO,63.49,ðŸ”¥ðŸ—ºðŸš«ðŸ”ªðŸ’€,3,1,2020-01-18T19:48:17-0500
WC3,KO,Sheeeeeeeeeit,Sarah and the Sassi Bois,3,1,2020-01-18T21:02:33-0500
WC3,KO,Just gimme a sec,63.49,3,1,2020-01-18T21:11:56-0500
WC3,KO,Sheeeeeeeeeit,Just gimme a sec,2,3,2020-01-18T21:42:06-0500
WC3,KO,"Definitely, Kinda Safe?",Just gimme a sec,3,1,2020-01-18T22:34:41-0500
WC3,KO,Toss a Coin to your Twitcher,"Definitely, Kinda Safe?",2,4,2020-01-18T22:49:10-0500
WC3,KO,"Definitely, Kinda Safe?",Toss a Coin to your Twitcher,0,4,2020-01-18T23:10:01-0500
WC3,Group1,Toss a Coin to your Twitcher,Just gimme a sec,3,0,2020-01-18T19:59:48+0300
WC3,Group1,Sarah and the Sassi Bois,Sheeeeeeeeeit,1,2,2020-01-18T19:59:48+0300
WC3,Group1,Sheeeeeeeeeit,Toss a Coin to your Twitcher,0,3,2020-01-18T19:59:48+0300
WC3,Group1,Just gimme a sec,Sarah and the Sassi Bois,1,2,2020-01-18T19:59:48+0300
WC3,Group1,Sarah and the Sassi Bois,Toss a Coin to your Twitcher,0,3,2020-01-18T19:59:48+0300
WC3,Group1,Just gimme a sec,Sheeeeeeeeeit,3,0,2020-01-18T19:59:48+0300
WC3,Group2,Miami Yeet,Fart Narc,3,0,2020-01-18T18:39:37+0000
WC3,Group2,"Definitely, Kinda Safe?",63.49,0,3,2020-01-18T18:39:37+0000
WC3,Group2,63.49,Miami Yeet,2,1,2020-01-18T18:39:37+0000
WC3,Group2,Fart Narc,"Definitely, Kinda Safe?",1,2,2020-01-18T18:39:37+0000
WC3,Group2,"Definitely, Kinda Safe?",Miami Yeet,2,1,2020-01-18T18:39:37+0000
WC3,Group2,Fart Narc,63.49,2,1,2020-01-18T18:39:37+0000
WC3,Group3,Check's Mix,Coy Koi,2,1,2020-01-18T18:10:10+0100
WC3,Group3,John Carpenter's The Sting,Bee Bear Banditos,2,1,2020-01-18T18:10:10+0100
WC3,Group3,Hittin Sticks Since '96,Snacks,2,1,2020-01-18T18:10:10+0100
WC3,Group3,Bee Bear Banditos,Hittin Sticks Since '96,1,2,2020-01-18T18:10:10+0100
WC3,Group3,Coy Koi,John Carpenter's The Sting,2,1,2020-01-18T18:10:10+0100
WC3,Group3,ðŸ”¥ðŸ—ºðŸš«ðŸ”ªðŸ’€,Check's Mix,3,0,2020-01-18T18:10:10+0100
WC3,Group3,John Carpenter's The Sting,ðŸ”¥ðŸ—ºðŸš«ðŸ”ªðŸ’€,0,3,2020-01-18T18:10:10+0100
WC3,Group3,Hittin Sticks Since '96,Coy Koi,3,0,2020-01-18T18:10:10+0100
WC3,Group3,Snacks,Bee Bear Banditos,3,0,2020-01-18T18:10:10+0100
WC3,Group3,Coy Koi,Snacks,1,2,2020-01-18T18:10:10+0100
WC3,Group3,ðŸ”¥ðŸ—ºðŸš«ðŸ”ªðŸ’€,Hittin Sticks Since '96,3,0,2020-01-18T18:10:10+0100
WC3,Group3,Check's Mix,John Carpenter's The Sting,0,3,2020-01-18T18:10:10+0100
WC3,Group3,Hittin Sticks Since '96,Check's Mix,3,0,2020-01-18T18:10:10+0100
WC3,Group3,Snacks,ðŸ”¥ðŸ—ºðŸš«ðŸ”ªðŸ’€,0,3,2020-01-18T18:10:10+0100
WC3,Group3,Bee Bear Banditos,Coy Koi,0,3,2020-01-18T18:10:10+0100
WC3,Group3,ðŸ”¥ðŸ—ºðŸš«ðŸ”ªðŸ’€,Bee Bear Banditos,3,0,2020-01-18T18:10:10+0100
WC3,Group3,Check's Mix,Snacks,0,3,2020-01-18T18:10:10+0100
WC3,Group3,John Carpenter's The Sting,Hittin Sticks Since '96,0,3,2020-01-18T18:10:10+0100
WC3,Group3,Snacks,John Carpenter's The Sting,0,3,2020-01-18T18:10:10+0100
WC3,Group3,Bee Bear Banditos,Check's Mix,3,0,2020-01-18T18:10:10+0100
WC3,Group3,Coy Koi,ðŸ”¥ðŸ—ºðŸš«ðŸ”ªðŸ’€,0,3,2020-01-18T18:10:10+0100
SS1,KO,Most Expressive Victor,#ribsgang,3,1,2018-06-09T23:48:55+0100
SS1,KO,Olde Towne Killers,The Great Gatesby,3,0,2018-06-09T23:48:55+0100
SS1,KO,CANADA,World Naked Snail Ride,1,3,2018-06-09T23:48:55+0100
SS1,KO,Not So Safe,Most Expressive Victor,2,3,2018-06-10T01:17:07+0100
SS1,KO,Olde Towne Killers,World Naked Snail Ride,3,0,2018-06-10T00:49:45+0100
SS1,KO,Most Expressive Victor,Olde Towne Killers,0,3,2018-06-10T01:40:11+0100
SS1,KO,The Great Gatesby,CANADA,2,3,2018-06-10T00:49:45+0100
SS1,KO,World Naked Snail Ride,#ribsgang,3,1,2018-06-10T01:17:07+0100
SS1,KO,Not So Safe,CANADA,3,0,2018-06-10T01:55:01+0100
SS1,KO,World Naked Snail Ride,Not So Safe,0,3,2018-06-10T02:20:10+0100
SS1,KO,Most Expressive Victor,Not So Safe,1,3,2018-06-10T02:40:47+0100
SS1,KO,Olde Towne Killers,Not So Safe,4,2,2018-06-10T03:30:36+0100
SS1,Groups,Most Expressive Victor,#ribsgang,2,1,2018-06-09T20:44:59+0000
SS1,Groups,World Naked Snail Ride,Olde Towne Killers,0,3,2018-06-09T20:44:59+0000
SS1,Groups,Olde Towne Killers,Most Expressive Victor,2,1,2018-06-09T20:44:59+0000
SS1,Groups,#ribsgang,World Naked Snail Ride,2,1,2018-06-09T20:44:59+0000
SS1,Groups,World Naked Snail Ride,Most Expressive Victor,2,1,2018-06-09T20:44:59+0000
SS1,Groups,#ribsgang,Olde Towne Killers,0,3,2018-06-09T20:44:59+0000
SS1,Groups,CANADA,The Great Gatesby,3,0,2018-06-09T20:44:59+0000
SS1,Groups,Not So Safe,CANADA,3,0,2018-06-09T20:44:59+0000
SS1,Groups,The Great Gatesby,Not So Safe,0,3,2018-06-09T20:44:59+0000
SS2,KO,DRACK ATTACK!!!,EGG on Shoe,1,3,2019-06-09T00:26:05+0100
SS2,KO,Back to the Lobby Bud,"Earth, Wind and Fyre",3,0,2019-06-09T00:26:05+0100
SS2,KO,A Life Without CIN,Lacroix Super Drank,3,0,2019-06-09T00:26:05+0100
SS2,KO,Not So L O U D,Chris Team,3,1,2019-06-09T00:26:05+0100
SS2,KO,HEHE :3,Bravo Team,3,1,2019-06-09T00:26:05+0100
SS2,KO,"""Beat Us, You Wont""",EGG on Shoe,3,0,2019-06-09T00:38:57+0100
SS2,KO,Back to the Lobby Bud,A Life Without CIN,3,1,2019-06-09T00:56:44+0100
SS2,KO,Global Swarming,Not So L O U D,3,2,2019-06-09T01:12:44+0100
SS2,KO,JORTS,HEHE :3,3,0,2019-06-09T01:30:07+0100
SS2,KO,"""Beat Us, You Wont""",Back to the Lobby Bud,3,0,2019-06-09T02:09:31+0100
SS2,KO,Global Swarming,JORTS,1,3,2019-06-09T02:43:18+0100
SS2,KO,"""Beat Us, You Wont""",JORTS,3,1,2019-06-09T05:00:27+0100
SS2,KO,"Earth, Wind and Fyre",Lacroix Super Drank,0,3,2019-06-09T00:56:44+0100
SS2,KO,HEHE :3,DRACK ATTACK!!!,3,1,2019-06-09T02:43:18+0100
SS2,KO,Not So L O U D,Lacroix Super Drank,3,1,2019-06-09T02:32:44+0100
SS2,KO,A Life Without CIN,Chris Team,2,3,2019-06-09T02:09:31+0100
SS2,KO,EGG on Shoe,Bravo Team,3,1,2019-06-09T01:46:48+0100
SS2,KO,HEHE :3,Not So L O U D,2,3,2019-06-09T03:46:05+0100
SS2,KO,Chris Team,EGG on Shoe,0,3,2019-06-09T03:20:00+0100
SS2,KO,Back to the Lobby Bud,Not So L O U D,3,2,2019-06-09T04:44:02+0100
SS2,KO,Global Swarming,EGG on Shoe,3,0,2019-06-09T05:00:27+0100
SS2,KO,Back to the Lobby Bud,Global Swarming,3,2,2019-06-09T05:33:39+0100
SS2,KO,JORTS,Back to the Lobby Bud,2,3,2019-06-09T06:22:43+0100
SS2,KO,"""Beat Us, You Wont""",Back to the Lobby Bud,4,0,2019-06-09T06:45:08+0100
SS2,Group1,JORTS,Global Swarming,0,3,2019-06-08T17:43:37+0100
SS2,Group1,"""Beat Us, You Wont""",A Life Without CIN,3,0,2019-06-08T17:43:37+0100
SS2,Group1,A Life Without CIN,JORTS,0,3,2019-06-08T17:43:37+0100
SS2,Group1,Global Swarming,"""Beat Us, You Wont""",0,3,2019-06-08T17:43:37+0100
SS2,Group1,"""Beat Us, You Wont""",JORTS,3,0,2019-06-08T17:43:37+0100
SS2,Group1,Global Swarming,A Life Without CIN,2,1,2019-06-08T17:43:37+0100
SS2,Group2,HEHE :3,Back to the Lobby Bud,1,2,2019-06-08T14:02:56-0600
SS2,Group2,Not So L O U D,EGG on Shoe,3,0,2019-06-08T14:02:56-0600
SS2,Group2,Back to the Lobby Bud,Not So L O U D,3,0,2019-06-08T14:02:56-0600
SS2,Group2,DRACK ATTACK!!!,HEHE :3,0,3,2019-06-08T14:02:56-0600
SS2,Group2,Not So L O U D,DRACK ATTACK!!!,3,0,2019-06-08T14:02:56-0600
SS2,Group2,EGG on Shoe,Back to the Lobby Bud,2,1,2019-06-08T14:02:56-0600
SS2,Group2,DRACK ATTACK!!!,EGG on Shoe,2,1,2019-06-08T14:02:56-0600
SS2,Group2,HEHE :3,Not So L O U D,2,1,2019-06-08T14:02:56-0600
SS2,Group2,EGG on Shoe,HEHE :3,1,2,2019-06-08T14:02:56-0600
SS2,Group2,Back to the Lobby Bud,DRACK ATTACK!!!,2,1,2019-06-08T14:02:56-0600
SS2,Group3,Lacroix Super Drank,Bravo Team,1,2,2019-06-08T23:04:26+0300
SS2,Group3,Chris Team,"Earth, Wind and Fyre",3,0,2019-06-08T23:04:26+0300
SS2,Group3,"Earth, Wind and Fyre",Lacroix Super Drank,1,2,2019-06-08T23:04:26+0300
SS2,Group3,Bravo Team,Chris Team,1,2,2019-06-08T23:04:26+0300
SS2,Group3,Chris Team,Lacroix Super Drank,3,0,2019-06-08T23:04:26+0300
SS2,Group3,Bravo Team,"Earth, Wind and Fyre",3,0,2019-06-08T23:04:26+0300
CBM2018,KO,Bee Bear Bananas,Weâ€™re Here For The Drinks,3,0,2018-05-05T18:32:52+0100
CBM2018,KO,The Bee Amigos,Crack Berry DTX,1,2,2018-05-05T18:32:52+0100
CBM2018,KO,Crack Berry DTX,Bee Bear Bananas,0,3,2018-05-05T18:32:52+0100
CBM2018,KO,Weâ€™re Here For The Drinks,The Bee Amigos,3,0,2018-05-05T18:32:52+0100
CBM2018,KO,The Bee Amigos,Bee Bear Bananas,1,2,2018-05-05T18:32:52+0100
CBM2018,KO,Weâ€™re Here For The Drinks,Crack Berry DTX,3,0,2018-05-05T18:32:52+0100
CBM2018,KO,Boom Shaka Laka! Is It The Shoes? You Better Bee-lieve It!,The Lone Star Sellouts,2,1,2018-05-05T18:32:52+0100
CBM2018,KO,Pollinators,WooGoo Rides Again,2,1,2018-05-05T18:32:52+0100
CBM2018,KO,WooGoo Rides Again,Boom Shaka Laka! Is It The Shoes? You Better Bee-lieve It!,2,1,2018-05-05T18:32:52+0100
CBM2018,KO,The Lone Star Sellouts,Pollinators,1,2,2018-05-05T18:32:52+0100
CBM2018,KO,Pollinators,Boom Shaka Laka! Is It The Shoes? You Better Bee-lieve It!,0,3,2018-05-05T18:32:52+0100
CBM2018,KO,The Lone Star Sellouts,WooGoo Rides Again,1,2,2018-05-05T18:32:52+0100
CBM2018,KO,Bee Bear Bananas,The Lone Star Sellouts,3,0,2018-05-05T21:15:49+0100
CBM2018,KO,Weâ€™re Here For The Drinks,Pollinators,3,0,2018-05-05T21:15:49+0100
CBM2018,KO,Crack Berry DTX,WooGoo Rides Again,3,1,2018-05-05T21:15:49+0100
CBM2018,KO,The Bee Amigos,Boom Shaka Laka! Is It The Shoes? You Better Bee-lieve It!,1,3,2018-05-05T21:15:49+0100
CBM2018,KO,Bee Bear Bananas,Weâ€™re Here For The Drinks,3,2,2018-05-05T21:38:48+0100
CBM2018,KO,Crack Berry DTX,Boom Shaka Laka! Is It The Shoes? You Better Bee-lieve It!,0,3,2018-05-05T22:05:01+0100
CBM2018,KO,Bee Bear Bananas,Boom Shaka Laka! Is It The Shoes? You Better Bee-lieve It!,3,0,2018-05-05T23:04:38+0100
CBM2018,KO,The Lone Star Sellouts,Pollinators,1,3,2018-05-05T21:38:48+0100
CBM2018,KO,WooGoo Rides Again,The Bee Amigos,3,1,2018-05-05T22:05:01+0100
CBM2018,KO,Crack Berry DTX,Pollinators,3,1,2018-05-05T23:04:38+0100
CBM2018,KO,Weâ€™re Here For The Drinks,WooGoo Rides Again,3,1,2018-05-05T22:49:50+0100
CBM2018,KO,Crack Berry DTX,Weâ€™re Here For The Drinks,0,3,2018-05-05T23:56:21+0100
CBM2018,KO,Boom Shaka Laka! Is It The Shoes? You Better Bee-lieve It!,Weâ€™re Here For The Drinks,1,3,2018-05-06T00:22:11+0100
CBM2018,KO,Bee Bear Bananas,Weâ€™re Here For The Drinks,4,0,2018-05-07T16:03:22+0100
