Player Name,scene,mu,sigma,trueskill,tourneys,games,teams
Christop Corley,CHAT,24.13226375633706,2.3621006216876803,19.4080625129617,5,134,brunch skunks/KQC3,The Adventure Drone/MGF2,Jen & Micah's 1-Year Anniversary/KQ30,Double it!/BB4,Bumbledore's Army/BB3
Amanda Norris,CHAT,21.254104139514904,3.6758085368591744,13.902487065796556,3,62,brunch skunks/KQC3,Jen & Micah's 1-Year Anniversary/KQ30,Bumbledore's Army/BB3
Micah Wallace,CHAT,25.05258118615498,2.54403751527567,19.96450615560364,5,120,brunch skunks/KQC3,Trash/MGF2,Jen & Micah's 1-Year Anniversary/KQ30,Double it!/BB4,Bumbledore's Army/BB3
Jen Wallace,CHA,29.68088791966621,4.056645285009471,21.567597349647265,2,40,brunch skunks/KQC3,Jen & Micah's 1-Year Anniversary/KQ30
Matthew Anderson,CHA,26.14477356097667,3.988522465036353,18.167728630903966,2,45,brunch skunks/KQC3,Top Bottoms/BB4
Ammar Ahmed,CLT,19.831542267604526,3.544589913112061,12.742362441380404,3,68,BarBEE Dream Gate/KQC3,Super Smash Bees/BB4,Ginyu Force/BB3
Lisa Steward,CBUS,21.563586508867072,3.4472038106569047,14.669178887553262,3,62,BarBEE Dream Gate/KQC3,ClusterDuc/BB4,Because I Got Hive/BB3
Kasi White,MPLS,22.835550677836142,1.844168966778387,19.14721274427937,8,190,BarBEE Dream Gate/KQC3,Good Luck/GDC4,Daddy Long Tentacle/MGF2,sapnu puas/KQ30,Just Practicing/BB4,Hive it Our Way/HH2,Broke Boi$ Mtn/GDC3,Calamitibees/BB3
Sarah Stewart,MPLS,28.27309398276211,2.525696823104401,23.221700336553308,4,96,BarBEE Dream Gate/KQC3,sapnu puas/KQ30,M A S K S/BB4,Calamitibees/BB3
Marina Catherine,MPLS,19.560981720935004,3.222078858121627,13.11682400469175,4,82,BarBEE Dream Gate/KQC3,Splash of SEA-MIN/MGF2,Marina & the Diamonds/BB4,Mulholland Dive/HH2
Spenser Kern,CIN,19.739244193387,3.2857235513897898,13.167797090607422,3,71,Shadow Scene/KQC3,Dick Cheney Profited Off The Iraq War/BB4,Because I Got Hive/BB3
Bobby Boehl,CIN,26.721040092026392,3.024007499983245,20.673025092059902,2,59,Shadow Scene/KQC3,"Dope Hair, Don't Care/BB4"
Nick Monger,CIN,30.382607952925397,3.154427167675206,24.073753617574987,3,70,Shadow Scene/KQC3,Super S H A S H Bros./MGF2,4+1/BB3
Victoria Bauscher,CIN,21.709978298850377,3.33937838236422,15.031221534121936,3,69,Shadow Scene/KQC3,ClusterDuc/BB4,Because I Got Hive/BB3
Bethany Caspersz,CIN,25.5593919798561,3.240848377343323,19.077695225169453,2,60,Shadow Scene/KQC3,#paulallenscard/BB4
Dylan Conrad,CLT,28.25761223711442,2.2834267480184165,23.690758741077588,4,134,Mr. Tenders/KQC3,Hunks/KQ30,Spicy Milk/BB4,[loud barking noises]/BB3
Aaron Goldberg,CHI,34.38801864800081,1.9788162319264184,30.430386184147974,6,195,Mr. Tenders/KQC3,Surprise!/GDC4,Big Fair Don't Care/MGF2,The Yung Knuxxx/KQ30,Spicy Milk/BB4,The Yung Knucks/BB3
Ryan Waisner,CHI,26.29184991489793,3.094897026091326,20.10205586271528,3,83,Mr. Tenders/KQC3,The Leftovers/KQ30,It Has Been/BB3
Chris Cads,CHI,12.683857428792686,2.6531387276163154,7.377579973560056,3,91,Mr. Tenders/KQC3,The Yung Knuxxx/KQ30,Spicy Milk/BB4
Cesar Bustos,CHI,31.347739647648496,1.9611999275173624,27.42533979261377,6,186,Mr. Tenders/KQC3,Dope Shit Only/GDC4,Two Spoons/MGF2,The Yung Knuxxx/KQ30,Spicy Milk/BB4,The Yung Knucks/BB3
Sebastian Clavero,SFL,17.58063551479795,3.400069212345817,10.780497090106316,3,75,WE BEE SWARMIN’ FOR YA/KQC3,ALL FOUR ONE/KQ30,Fresh/BB4
Heather Browning,SFL,19.89575190229004,4.065399351959013,11.764953198372014,3,49,WE BEE SWARMIN’ FOR YA/KQC3,Mr. Buth's Wild Ride/MGF2,ALL FOUR ONE/KQ30
Ryan Lescoe,CLT,21.11474588853821,2.69894082017437,15.71686424818947,4,99,WE BEE SWARMIN’ FOR YA/KQC3,Get Dixie Rekt/MGF2,POGS/BB4,Lakes On Mars/BB3
Tyler Cole,CLT,20.9820733101136,6.281843694745354,8.41838592062289,1,16,WE BEE SWARMIN’ FOR YA/KQC3
Megan Hirschy,CLT,20.982073310113606,6.281843694745354,8.418385920622898,1,16,WE BEE SWARMIN’ FOR YA/KQC3
JD Look,CLT,31.93922831852023,2.8416811539705806,26.25586601057907,3,80,Vertical Scroll/KQC3,OK Cool/KQ30,Mr. Buth's Wildest Flex/BB4
Justin Buth,CHI,23.02593195499775,2.317605098903119,18.39072175719151,5,125,Vertical Scroll/KQC3,Mr. Buth's Wild Ride/MGF2,bingu!/KQ30,Mr. Buth's Wildest Flex/BB4,Hazard Phase/BB3
Gabriel Gray,CLT,26.247700023797115,3.2955805886593406,19.656538846478433,3,75,Vertical Scroll/KQC3,Corn on the Cab/KQ30,Marina & the Diamonds/BB4
Joel Stockard,KC,23.319804020246078,2.536710992987387,18.246382034271306,5,122,Vertical Scroll/KQC3,Get Dixie Rekt/MGF2,OK Cool/KQ30,Bring Ingredient/BB4,Fleur de Bees/BB3
Enrique Garcia,CLT,27.875440911600727,5.307562399635803,17.26031611232912,1,20,Vertical Scroll/KQC3
Mitch Diemert,CBUS,28.48758366427148,2.1136826448194492,24.26021837463258,5,156,Only Kinda Safe/KQC3,Super S H A S H Bros./MGF2,"MATH, But Beta/KQ30",YUH/BB4,Avatar Boi/BB3
Joe Woolum,CBUS,26.601720014417722,5.058240740953946,16.485238532509833,1,25,Only Kinda Safe/KQC3
Courtney Hickey,CBUS,26.444791074010787,3.259498580847796,19.925793912315196,2,59,Only Kinda Safe/KQC3,I Write Wins Not Strategies/BB4
Christian Dummermuth,CBUS,24.703447397994818,4.0884023466988,16.52664270459722,2,45,Only Kinda Safe/KQC3,Talk XXX To Me/KQ30
Zac Robinson,CBUS,25.663643857345193,3.773740034126051,18.11616378909309,2,45,Only Kinda Safe/KQC3,Spicy: La BoiXXX/KQ30
Andrew Wilkening,NYC,35.5667200130252,2.187148289735532,31.192423433554133,5,155,Keep Yourself Alive/KQC3,Uh/KQ30,YUH/BB4,Mucho Tasto/GDC3,Team Break/BB3
Brian Wong,NYC,38.67313120582671,2.1132084187738482,34.44671436827901,4,162,Keep Yourself Alive/KQC3,LL Sad J/KQ30,60%/BB4,CLEAN/BB3
Prashant Sridhar,NYC,35.777389307191235,2.4274833965166422,30.92242251415795,3,122,Keep Yourself Alive/KQC3,60%/BB4,CLEAN/BB3
Justin Krim,NYC,32.69823928135434,3.299562385763151,26.099114509828038,2,62,Keep Yourself Alive/KQC3,Some Side Cab Scrubs/BB3
Charles Pratt,NYC,26.155990929160712,2.2320853422177187,21.691820244725275,4,142,Keep Yourself Alive/KQC3,LL Sad J/KQ30,60%/BB4,Lakes On Mars/BB3
Clarkson,BMOR,25.11810131287536,2.4733515557632493,20.17139820134886,4,101,Bye/KQC3,East Coast Beast Coast/MGF2,FaZe Clan/KQ30,Mr. Buth's Wildest Flex/BB4
Melanie Szemis,PDX,26.28000020606665,2.4196254819421967,21.440749242182257,5,126,Bye/KQC3,Nick@Nite Map/GDC4,Not Safe for Snail/KQ30,Mr. Buth's Wildest Flex/BB4,Berry'd Treasure/BB3
Steve Parker,DC,19.5880128075085,3.2571371995736045,13.07373840836129,4,84,Bye/KQC3,A Team Has No Name/MGF2,Marina & the Diamonds/BB4,Mulholland Dive/HH2
Chris Preisinger,BMORE,26.705335636659818,6.659742259514804,13.38585111763021,1,12,Bye/KQC3
Adam Forejt,BMORE,26.705335636659818,6.659742259514804,13.38585111763021,1,12,Bye/KQC3
Brian McMahon,SF,28.117047855084895,2.1562989371473424,23.80444998079021,5,140,Anti Social Snail Club/KQC3,Elon Dusk/GDC4,Thirty Shades of Day/KQ30,Pierre Escargot/BB4,Double Dreygon/HH2
Miranda Steele,SF,22.20701242047853,2.242848674601674,17.721315071275182,6,123,Anti Social Snail Club/KQC3,Dope Shit Only/GDC4,Not Safe for Snail/KQ30,Queens of the Drone Age/HH2,Earthquake Season/GDC3,Day All Night/BB3
DRay WIlliams,SF,25.264558782155103,5.92078061022493,13.422997561705243,1,14,Anti Social Snail Club/KQC3
Andrew Dotson,SF,31.552613548498808,2.0719971159695763,27.408619316559655,6,170,Anti Social Snail Club/KQC3,Elon Dusk/GDC4,JoshB's SF Squad/KQ30,HoBB4/BB4,Mahalo/GDC3,Chomp Chomp/BB3
Gino Miglio,SF,30.38579590043167,2.2575576623317266,25.87068057576822,4,114,Anti Social Snail Club/KQC3,Elon Dusk/GDC4,Pierre Escargot/BB4,Queens of the Drone Age/HH2
William Definbaugh,DC,16.842203934256535,7.0486192214588534,2.744965491338828,1,11,Dingle Berries/KQC3
David Tien,BMORE,16.842203934256535,7.0486192214588534,2.744965491338828,1,11,Dingle Berries/KQC3
Dominic Pham,BMORE,16.842203934256535,7.0486192214588534,2.744965491338828,1,11,Dingle Berries/KQC3
Michael Ohr,DC,16.842203934256535,7.0486192214588534,2.744965491338828,1,11,Dingle Berries/KQC3
Megan Richards,BMORE,16.842203934256535,7.0486192214588534,2.744965491338828,1,11,Dingle Berries/KQC3
Courtney LaSchultz,CLT,23.676686580834755,2.372979581777031,18.930727417280693,4,101,Queen's Revenge/KQC3,East Coast Beast Coast/MGF2,Queen's Revenge/KQ30,Queen's Revenge/BB4
Jacob LaSchultz,CLT,27.072250213219235,2.227706842706681,22.616836527805873,5,133,Queen's Revenge/KQC3,East Coast Beast Coast/MGF2,Queen's Revenge/KQ30,Queen's Revenge/BB4,Queen's Revenge/BB3
Cheyenne Steel,CLT,28.35477780192167,2.5400416546834217,23.27469449255483,4,105,Queen's Revenge/KQC3,Queen's Revenge/KQ30,Queen's Revenge/BB4,Queen's Revenge/BB3
Steven Saenz,CLT,28.35477780192167,2.5400416546834217,23.27469449255483,4,105,Queen's Revenge/KQC3,Queen's Revenge/KQ30,Queen's Revenge/BB4,Queen's Revenge/BB3
Preston Truett Grigg,CLT,25.723793692912253,2.780494505205701,20.162804682500852,3,73,Queen's Revenge/KQC3,Queen's Revenge/KQ30,Queen's Revenge/BB4
Nathan Palmer,MPLS,26.102391541286156,2.1532763019818257,21.795838937322504,6,143,"We put the ""i"" in CLT/KQC3",Something Something Toxic/MGF2,ToXXXic/KQ30,POGS/BB4,Bee Day Squad/HH2,TOXIC/BB3
Michelle Lutz,MPLS,18.956725537718572,2.5700902997302704,13.816544938258032,5,108,"We put the ""i"" in CLT/KQC3",Something Something Toxic/MGF2,ToXXXic/KQ30,M A S K S/BB4,TOXIC/BB3
Belia Portillo,CHI,28.36934178523844,2.477535765055872,23.414270255126695,6,125,"We put the ""i"" in CLT/KQC3",Nick@Nite Map/GDC4,Mr. Buth's Wild Ride/MGF2,The Leftovers/KQ30,Keeper of the Shades™/BB4,It Has Been/BB3
Imandra McKenzie,PDX,35.841369737474785,1.9411639719732083,31.959041793528367,7,194,"We put the ""i"" in CLT/KQC3",The Bees With Two Backs/GDC4,J Mind/MGF2,sapnu puas/KQ30,Pince Harming/BB4,Ruin My Hole/GDC3,Berry'd Treasure/BB3
Tiana Tan,NYC,31.449025589571182,1.8076709590286921,27.833683671513796,7,225,"We put the ""i"" in CLT/KQC3",Dope Shit Only/GDC4,East Coast Beast Coast/MGF2,Bee Bang Banditos/KQ30,FSw/oU/BB4,Mucho Tasto/GDC3,Rice 'n Bees/BB3
Craig Payne,CBUS,31.488268204390025,2.364617435409514,26.759033333570997,4,118,MATH/KQC3,"MATH, But Beta/KQ30",YUH/BB4,4+1/BB3
Hell Logsdon,CBUS,29.477001412507256,2.080644384657705,25.315712643191844,4,133,MATH/KQC3,S H A S H Strikes Back/MGF2,"MATH, But Beta/KQ30",YUH/BB4
Matt Thompson,CBUS,31.31459460030822,2.3438086432457603,26.6269773138167,4,119,MATH/KQC3,"MATH, But Beta/KQ30","Dope Hair, Don't Care/BB4",4+1/BB3
Duc Nguyen,CBUS,30.113326946178887,3.5110227971754755,23.091281351827938,2,51,MATH/KQC3,ClusterDuc/BB4
Carlos Delaserda,CBUS,28.94305892828034,5.106674800365704,18.72970932754893,1,20,MATH/KQC3
Brian McFadden,NYC,24.27647073914241,2.676585267269957,18.923300204602498,4,105,Bae Caught Me Drippin'/KQC3,Chum Bucket/KQ30,Big Mac and The McNuggets/BB4,Bae Caught Me Drippin'/BB3
Daphane Love,NYC,26.233359387055035,2.47318406784571,21.286991251363617,4,104,Bae Caught Me Drippin'/KQC3,[loud daphane noises]/KQ30,grandpa-billy.rake/BB4,Bae Caught Me Drippin'/BB3
Victor Jardim,NYC,26.233359387055035,2.47318406784571,21.286991251363617,4,104,Bae Caught Me Drippin'/KQC3,[loud daphane noises]/KQ30,grandpa-billy.rake/BB4,Bae Caught Me Drippin'/BB3
Drew Bolduc,NYC,22.930576518790538,4.471473004589324,13.98763050961189,2,44,Bae Caught Me Drippin'/KQC3,Bae Caught Me Drippin'/BB3
Brian Lancaster,CLT,29.785133096754826,1.7415074368111643,26.3021182231325,7,203,Bae Caught Me Drippin'/KQC3,Bonus Soulless/GDC4,Daddy Long Tentacle/MGF2,OK Cool/KQ30,Just Practicing/BB4,Got Gitted Good/HH2,East Coast Snailers/BB3
Katie Rhodes,CHI,21.718669225410295,3.2440555483315827,15.23055812874713,3,64,Post Meta Malone/KQC3,Domme/KQ30,BumbleTrash/BB4
Diana Moya-James,CHI,16.256399719131338,4.885471809883315,6.485456099364708,2,28,Post Meta Malone/KQC3,Domme/KQ30
Ian Lukidis,CHI,25.192647105802703,2.799805846712425,19.59303541237785,4,90,Post Meta Malone/KQC3,Mr. Buth's Wild Ride/MGF2,Uh/KQ30,Bring Ingredient/BB4
Jenn Gilbert,MAD,20.80672493729298,2.370868125444303,16.064988686404373,6,142,Post Meta Malone/KQC3,Surprise!/GDC4,Tim Curry & The Mystery of Cheese Pizza/MGF2,Hunks/KQ30,Some Like It Honk/BB4,Hot Dish/BB3
Lev Bakin,MAD,34.262403351571315,2.2117516093331555,29.838900132905003,6,162,Post Meta Malone/KQC3,Surprise!/GDC4,Tim Curry & The Mystery of Cheese Pizza/MGF2,Hunks/KQ30,Some Like It Honk/BB4,Nice~Heaven/BB3
Jordan Navarra,CLT,26.12386416407449,2.4564422962174,21.21097957163969,5,114,Luibee's Mansion/KQC3,Boops Ahoy/MGF2,Spicy: La BoiXXX/KQ30,I Write Wins Not Strategies/BB4,Avatar Boi/BB3
Ben Graif,NYC,24.680381632709267,6.015969890456054,12.648441851797159,1,13,Luibee's Mansion/KQC3
Kristian Andrewson,CLT,24.597593484888026,3.462302903363944,17.67298767816014,2,47,Luibee's Mansion/KQC3,I Write Wins Not Strategies/BB4
Andrew Griner,CLT,25.740970838853677,2.471505111214336,20.797960616425005,5,121,Luibee's Mansion/KQC3,Get Dixie Rekt/MGF2,Spicy: La BoiXXX/KQ30,I Write Wins Not Strategies/BB4,Avatar Boi/BB3
Erin Cowles,CLT,24.680381632709278,6.015969890456054,12.64844185179717,1,13,Luibee's Mansion/KQC3
Drew Sandquist,NYC,27.10822457312016,2.315383330883674,22.477457911352815,5,146,PUERTO RICO/KQC3,J Mind/MGF2,LaCroix Super Drank/KQ30,Big Mac and The McNuggets/BB4,Pigeon Rats/BB3
Marian Wu,NYC,26.151767481934645,2.0146366320055593,22.122494217923524,5,161,PUERTO RICO/KQC3,Shots Fired/KQ30,grandpa-billy.rake/BB4,Hive it Our Way/HH2,Pigeon Rats/BB3
Anthony Paredes,NYC,29.400218297618498,2.6015928624627156,24.197032572693068,3,103,PUERTO RICO/KQC3,Melissophilia/KQ30,Pigeon Rats/BB3
Mustafa Allsop,NYC,29.840668081803912,2.1473646167819465,25.54593884824002,4,141,PUERTO RICO/KQC3,Melissophilia/KQ30,grandpa-billy.rake/BB4,Pigeon Rats/BB3
Jorge Hernandez,CLT,25.7408437796432,2.131246947350928,21.478349884941345,4,145,PUERTO RICO/KQC3,Bee Bang Banditos/KQ30,chicken nuggets/BB4,[loud barking noises]/BB3
Chase Reeve,CHA,26.86149870166023,2.4292766993828927,22.002945302894446,4,111,The Notorious B.E.E./KQC3,The Adventure Drone/MGF2,Don't Go Chasing Waterfalls/KQ30,Double it!/BB4
Tyler Fordice,CHA,26.86149870166023,2.4292766993828927,22.002945302894446,4,111,The Notorious B.E.E./KQC3,The Adventure Drone/MGF2,Don't Go Chasing Waterfalls/KQ30,Double it!/BB4
Kenny Hylle,CHA,24.884685846280558,5.92262873205538,13.039428382169797,1,14,The Notorious B.E.E./KQC3
Blake Fisher,CHA,22.40565790568364,3.2371539623889234,15.931349980905793,3,71,The Notorious B.E.E./KQC3,Don't Go Chasing Waterfalls/KQ30,Top Bottoms/BB4
William Bryant,CHA,22.010113864673794,3.2460318959669743,15.518050072739847,3,72,The Notorious B.E.E./KQC3,Don't Go Chasing Waterfalls/KQ30,"Honey, I Killed the Queen!/BB4"
James Brown,CLT,27.728015445471375,2.9540054691133903,21.820004507244594,3,68,Eyes on the Hives/KQC3,Spicy: La BoiXXX/KQ30,I Write Wins Not Strategies/BB4
Andrew Talarico,CLT,21.70072507756176,4.312006971381064,13.076711134799632,2,42,Eyes on the Hives/KQC3,Sydney's Side Bees/BB4
Kyle McKinney,CLT,26.98442737279095,3.3212699930733454,20.34188738664426,2,48,Eyes on the Hives/KQC3,Just Practicing/BB4
Ryan Knerr,STL,27.112590085111734,2.416961536921931,22.27866701126787,5,125,Eyes on the Hives/KQC3,Boops Ahoy/MGF2,Arcade AF/KQ30,Dank Booty Apparel Company/BB4,How I Met Your Hover/BB3
Matthew Nicholas,CLT,29.03275844055162,5.845185177045253,17.342388086461114,1,14,Eyes on the Hives/KQC3
John Koutroulakis,CLT,29.859986115296557,2.1866148118811033,25.48675649153435,4,138,fridge genie/KQC3,Bee Bang Banditos/KQ30,chicken nuggets/BB4,[loud barking noises]/BB3
Amanda Lax,CLT,30.169672825291787,2.615521687496771,24.938629450298244,4,107,fridge genie/KQC3,Domme/KQ30,chicken nuggets/BB4,[loud barking noises]/BB3
Maria Barrell,CLT,23.237721911841387,2.3284131243091655,18.580895663223057,4,123,fridge genie/KQC3,Trash/MGF2,Bee Bang Banditos/KQ30,BOOM! Tetris/BB4
Andy Laber,KC,32.16769248954988,2.617945486178574,26.93180151719273,3,83,fridge genie/KQC3,OK Cool/KQ30,"Dope Hair, Don't Care/BB4"
Joe Enrico,CLT,22.796352937403743,3.1591849937097765,16.477982949984188,3,77,fridge genie/KQC3,BOOM! Tetris/BB4,Because I Got Hive/BB3
Kyle Shipwash,CLT,33.39786810590851,1.904905706088803,29.588056693730902,6,174,Bonus Nap/KQC3,Bonus Soulless/GDC4,Daddy Long Tentacle/MGF2,sapnu puas/KQ30,Just Practicing/BB4,Bonus Nap/BB3
Stephi Castillo,CLT,28.21637724332522,2.229057792854476,23.758261657616266,5,139,Bonus Nap/KQC3,Bonus Soulless/GDC4,Bonus Salt Queen/KQ30,chicken nuggets/BB4,Bonus Nap/BB3
Travis Teta,CLT,28.216377243325176,2.229057792854476,23.758261657616224,5,139,Bonus Nap/KQC3,Bonus Soulless/GDC4,Bonus Salt Queen/KQ30,chicken nuggets/BB4,Bonus Nap/BB3
Jose Velasco,CLT,27.807001810848373,2.2938804390588476,23.219240932730678,5,140,Bonus Nap/KQC3,J Mind/MGF2,DON'T PANIC/KQ30,oh no/BB4,Bonus Nap/BB3
Aaron Tran,CLT,30.431463940332183,1.9413170236309978,26.548829893070188,7,182,Bonus Nap/KQC3,Bonus Soulless/GDC4,Bonus Salt Queen/KQ30,Keeper of the Shades™/BB4,Queens of the Drone Age/HH2,Ruin My Hole/GDC3,Bonus Nap/BB3
Troy Stenstrom,MPLS,24.79001365400986,2.1312057211744717,20.52760221166092,5,147,Fyre Fest 2/KQC3,Daddy Long Tentacle/MGF2,Shots Fired/KQ30,Mr. Buth's Wildest Flex/BB4,NODEX/BB3
J Sisk,MPLS,35.03963604677085,1.8848681762380806,31.26989969429469,5,177,Fyre Fest 2/KQC3,Reeeeeeee/MGF2,Shots Fired/KQ30,Live Laugh Love/BB4,Purple Reign/BB3
Blake Compton,CBUS,27.03964334667342,2.283453433618828,22.472736479435763,4,114,Fyre Fest 2/KQC3,Super S H A S H Bros./MGF2,Bonus Salt Queen/KQ30,"Dope Hair, Don't Care/BB4"
Kevin Merryman,CBUS,26.252658383426816,4.78611758642403,16.680423210578756,1,26,Fyre Fest 2/KQC3
Yennhi Vo,MPLS,32.200151684839476,2.2691375032755325,27.66187667828841,3,99,Fyre Fest 2/KQC3,Reeeeeeee/MGF2,POGS/BB4
Dave Walsh,LAX,35.17020873360753,2.2955688634977176,30.579071006612097,3,107,Seattle BooperSonics/KQC3,Seattle BooperSonics/KQ30,Seattle BooperSonics/BB4
Gabriel Sosa,SEA,32.208220127105164,3.2127260446161685,25.782768037872827,2,56,Seattle BooperSonics/KQC3,Seattle BooperSonics/KQ30
Kevin Marnell,SEA,34.21273404605323,1.7036631883560014,30.805407669341225,7,236,Seattle BooperSonics/KQC3,Be Bestest/GDC4,Big Fair Don't Care/MGF2,Seattle BooperSonics/KQ30,Seattle BooperSonics/BB4,Two Week Notice/HH2,Seattle BooperSonics/BB3
Brandon Craig,SEA,30.57660960223191,4.453241643364325,21.67012631550326,1,26,Seattle BooperSonics/KQC3
Chris McGrath,SEA,23.981705562339382,3.877238378090596,16.22722880615819,2,47,Seattle BooperSonics/KQC3,Jupiter Rising/BB3
Sam Beckman,NYC,35.70599252222977,2.136242272687737,31.433507976854298,4,159,Princes Among Boys/KQC3,LL Sad J/KQ30,60%/BB4,CLEAN/BB3
Sarah Greenwood,NYC,28.10572013637831,1.849434912315922,24.406850311746467,6,216,Princes Among Boys/KQC3,Be Bestest/GDC4,S H A S H Strikes Back/MGF2,Melissophilia/KQ30,60%/BB4,Team Break/BB3
Wyatt Yeong,NYC,34.07049184754117,1.9299278186765298,30.21063621018811,7,217,Princes Among Boys/KQC3,Surprise!/GDC4,Boops Ahoy/MGF2,LL Sad J/KQ30,Put Your Hands In The Air/BB4,Mucho Tasto/GDC3,Team Break/BB3
Austin Waters,NYC,31.65034809422021,2.1803578356364994,27.28963242294721,4,148,Princes Among Boys/KQC3,LL Sad J/KQ30,Put Your Hands In The Air/BB4,Some Side Cab Scrubs/BB3
Rob Neuhaus,NYC,32.153358598373316,2.1181703205104943,27.91701795735233,5,151,Princes Among Boys/KQC3,Super S H A S H Bros./MGF2,Chum Bucket/KQ30,oh no/BB4,Some Side Cab Scrubs/BB3
Daniel Shupp,SF,22.90334312802926,2.0023181346359644,18.89870685875733,6,159,TallBaes/KQC3,Tylbaes/GDC4,Two Spoons/MGF2,CHiSP/KQ30,SF Sekrit/BB4,Earthquake Season/GDC3
Scott Wilkewitz,SF,29.853012821620286,2.3001629738046994,25.252686874010887,5,129,TallBaes/KQC3,Tylbaes/GDC4,Two Week Notice/HH2,Mahalo/GDC3,lil chomp/BB3
Ryan Piaget,SF,31.510065238082884,2.164326762693719,27.181411712695446,5,143,TallBaes/KQC3,Tylbaes/GDC4,CHiSP/KQ30,SF Sekrit/BB4,Day All Night/BB3
Felix Yuan,SF,27.42795168596572,1.6766430921907196,24.07466550158428,8,227,TallBaes/KQC3,Bay Area Rapid Tappers/GDC4,Reeeeeeee/MGF2,JoshB's SF Squad/KQ30,Pierre Escargot/BB4,Two Week Notice/HH2,Hate & Smashberry/GDC3,Chomp Chomp/BB3
Sam Weddle,PHX,25.0376847772249,1.769852234235075,21.497980308754748,8,221,TallBaes/KQC3,Tylbaes/GDC4,S H A S H Strikes Back/MGF2,FaZe Clan/KQ30,M A S K S/BB4,Two Week Notice/HH2,Hate & Smashberry/GDC3,Beenix Rising/BB3
Ken Mosley,CBUS,23.696365797082926,5.097938573257701,13.500488650567524,1,20,LaCroix Super Drinkers/KQC3
Stuart Lightfoot,CBUS,22.276097986320266,4.339067128363787,13.597963729592692,2,39,LaCroix Super Drinkers/KQC3,LaCroix Super Drank/KQ30
Nicole De Vall,CLT,17.74120148568122,3.9945026361848788,9.752196213311462,2,48,LaCroix Super Drinkers/KQC3,Sydney's Side Bees/BB4
Eli Azizy,CLT,33.438842157459106,2.5082475647726072,28.422347027913894,4,113,LaCroix Super Drinkers/KQC3,[loud daphane noises]/KQ30,A Good Sussparilla/BB4,[loud barking noises]/BB3
Jenna Reynolds,CLT,25.67854502230565,2.681369630808368,20.315805760688914,4,99,LaCroix Super Drinkers/KQC3,[loud daphane noises]/KQ30,BumbleTrash/BB4,Ginyu Force/BB3
Sean Creel,DC,20.484477626865377,6.892501923966585,6.699473778932207,1,12,TEAM NAME/KQC3
Emma Atlas,DC,16.786639090644336,5.767942138665908,5.25075481331252,2,29,TEAM NAME/KQC3,Stinger Bell/KQ30
Sebastian Joseph,BMOR,14.364529867101217,3.9706599904928286,6.4232098861155595,3,62,TEAM NAME/KQC3,Stinger Bell/KQ30,"Honey, I Killed the Queen!/BB4"
Ryan Cole,DC,20.48447762686537,6.892501923966585,6.6994737789322,1,12,TEAM NAME/KQC3
Jason Guy,DC,20.48447762686537,6.892501923966585,6.6994737789322,1,12,TEAM NAME/KQC3
Deanna Lopez,NYC,30.25808776554935,2.4364793825628155,25.38512900042372,4,104,Ol’ Dirty Berries/KQC3,East Coast Beast Coast/MGF2,OK Cool/KQ30,oh no/BB4
Levy - SFL,SFL,24.70123085002866,6.030940060831263,12.639350728366136,1,16,Ol’ Dirty Berries/KQC3
John - SFL,SFL,24.70123085002866,6.030940060831263,12.639350728366136,1,16,Ol’ Dirty Berries/KQC3
Casey,CHA,24.70123085002866,6.030940060831263,12.639350728366136,1,16,Ol’ Dirty Berries/KQC3
Jon Lyons,CIN,21.6706563453122,4.910114304485638,11.850427736340924,2,35,Ol’ Dirty Berries/KQC3,Because I Got Hive/BB3
Kevin Constantino,NYC,33.67969998619736,2.4046739817075578,28.87035202278225,4,117,Law & Order/KQC3,Chum Bucket/KQ30,oh no/BB4,Some Side Cab Scrubs/BB3
Anna Rose,ATL,23.99296548952814,3.3771458489031274,17.238673791721883,2,47,Law & Order/KQC3,Keeper of the Shades™/BB4
Jack Schlesinger,NYC,19.95719461649537,2.7919826811176804,14.37322925426001,3,88,Law & Order/KQC3,Corn on the Cab/KQ30,Put Your Hands In The Air/BB4
Reinaldo McNally,NYC,29.01848368810443,3.5544586368894744,21.90956641432548,2,58,Law & Order/KQC3,Rice 'n Bees/BB3
Bobby Hutter,CLT,32.09684575807949,2.405213363681465,27.28641903071656,4,104,Law & Order/KQC3,sapnu puas/KQ30,Just Practicing/BB4,East Coast Snailers/BB3
Ash Ramirez,SF,18.024901945079915,2.455212917601919,13.114476109876076,5,129,Tony's 2D Jelly/GDC4,JoshB's SF Squad/KQ30,Oishīdesu ka?/BB4,Double or Nothing/GDC3,DeathQueen/BB3
Derek Nomaddic,SF,26.12365463894526,2.848005078923438,20.427644481098383,4,94,Tony's 2D Jelly/GDC4,Thirty Shades of Day/KQ30,Pierre Escargot/BB4,T.E.A.M./GDC3
Kelly Kim,SF,26.286024494608185,2.522123035369555,21.241778423869075,5,132,Tony's 2D Jelly/GDC4,CHiSP/KQ30,HoBB4/BB4,T.E.A.M./GDC3,DeathQueen/BB3
Jessica Loginov,SF,20.077685106673513,4.417747115995252,11.24219087468301,2,43,Tony's 2D Jelly/GDC4,Thirty Shades of Day/KQ30
Tony Hauber,ELK,20.30997510572682,2.8893597385214975,14.531255628683827,5,112,Tony's 2D Jelly/GDC4,Thirty Shades of Day/KQ30,Oishīdesu ka?/BB4,Hate & Smashberry/GDC3,DeathQueen/BB3
Jeremy Watson,SF,31.087738352546825,2.4485645119622186,26.190609328622386,4,119,Surprise!/GDC4,Double Dreygon/HH2,T.E.A.M./GDC3,Chomp Chomp/BB3
Jared Nyman,SLC,19.699288681704775,5.6118077450190125,8.47567319166675,1,30,Latter Day Snails/GDC4
McKenna Caldwell,SLC,19.823933450112683,3.381810807756428,13.060311834599826,3,87,Latter Day Snails/GDC4,Escarletsgo/BB4,Berry Gives You Wings/HH2
Elyse Freeman,SLC,23.40603479011832,2.96382888607499,17.478377017968338,3,101,Latter Day Snails/GDC4,Escarletsgo/BB4,Bumpkin Spice Latte/HH2
Curtis SLC,SLC,19.69928868170478,5.6118077450190125,8.475673191666754,1,30,Latter Day Snails/GDC4
Mark SLC,SLC,19.699288681704775,5.6118077450190125,8.47567319166675,1,30,Latter Day Snails/GDC4
Brian Lee,SF,27.437010873201874,2.2979138996635995,22.841183073874674,5,142,Bay Area Rapid Tappers/GDC4,CHiSP/KQ30,HoBB4/BB4,Mahalo/GDC3,lil chomp/BB3
Steve Halili,SF,33.07235556313077,1.825292970482939,29.42176962216489,6,199,Bay Area Rapid Tappers/GDC4,JoshB's SF Squad/KQ30,SF Sekrit/BB4,Double Dreygon/HH2,T.E.A.M./GDC3,Chomp Chomp/BB3
DRay Williams,SF,29.227594437976972,1.8599858356810028,25.507622766614965,6,170,Bay Area Rapid Tappers/GDC4,Daddy Long Tentacle/MGF2,Not Safe for Snail/KQ30,SF Sekrit/BB4,Double Dreygon/HH2,Queso Fresco/GDC3
Sean Kelly,SF,30.00666755842929,3.738723828781052,22.529219900867183,2,44,Bay Area Rapid Tappers/GDC4,Mahalo/GDC3
Tyler Moloney,PHX,31.950596358090944,1.950387496644061,28.049821364802824,5,182,Tylbaes/GDC4,FaZe Clan/KQ30,Mologna Sandwich/BB4,Two Week Notice/HH2,Beenix Rising/BB3
Pierre LaFortune,SF,25.256054884659733,2.512634136060683,20.230786612538367,5,115,Elon Dusk/GDC4,Thirty Shades of Day/KQ30,Pierre Escargot/BB4,Earthquake Season/GDC3,Day All Night/BB3
Matt Wu,SF,30.884640667649773,2.980232704315117,24.92417525901954,2,68,Elon Dusk/GDC4,HoBB4/BB4
Damish Shah,PDX,29.501252268047264,2.662276466298271,24.17669933545072,3,99,The Bees With Two Backs/GDC4,Pince Harming/BB4,Flappers & The Dapper Tappers/BB3
Dylan Higgins,PDX,30.96232654868797,2.591168079758333,25.779990389171303,3,96,The Bees With Two Backs/GDC4,Bee Bang Banditos/KQ30,Infinite Joust/GDC3
Lex Wilkins,PDX,34.54968355934309,3.3771794331317073,27.79532469307967,2,70,The Bees With Two Backs/GDC4,Sting Theory/BB4
Thomas Hardy,PDX,30.647944245624092,2.9763113208025485,24.695321604018996,3,97,The Bees With Two Backs/GDC4,Sting Theory/BB4,DAD REACTS ONLY/BB3
Jeff Hochgesang,PHX,27.93786977400633,2.8188927343756487,22.300084305255034,4,102,Pokemon NO/GDC4,Hive it Our Way/HH2,Hate & Smashberry/GDC3,Beenix Rising/BB3
Toni Scarlett,PHX,34.54411009227779,2.8820443094527635,28.780021473372265,3,92,Pokemon NO/GDC4,Hive it Our Way/HH2,Beenix Rising/BB3
Jared Gamble,SEA,21.45108658698345,3.4980946949602423,14.454897197062966,4,79,Pokemon NO/GDC4,Splash of SEA-MIN/MGF2,Couples Bearapy/GDC3,SEA-MIN/BB3
Quinn Mazure,SEA,30.33931392538046,2.9637574332290426,24.411799058922373,3,90,Pokemon NO/GDC4,BumbleTrash/BB4,Starship Enterhive/BB3
Nate Sloat,SEA,26.8615745116136,3.5023970474091315,19.85678041679534,3,72,Pokemon NO/GDC4,Couples Bearapy/GDC3,Seattle BooperSonics/BB3
Cody Frederickson,PDX,36.90250361919613,2.331001055581893,32.240501508032345,5,160,Peach LLC/GDC4,Seattle BooperSonics/KQ30,Sting Theory/BB4,Don't. You Won't./GDC3,Nice~Heaven/BB3
Matt Feldkamp,PDX,34.7099625795346,3.1861776034258065,28.337607372682985,3,84,Peach LLC/GDC4,Don't. You Won't./GDC3,Nice~Heaven/BB3
Heather Davis,SF,21.065765394851248,2.606983772629845,15.851797849591557,5,117,Peach LLC/GDC4,Boops Ahoy/MGF2,Bring Ingredient/BB4,Queso Fresco/GDC3,lil chomp/BB3
Kayla Grothaus,MPLS,28.965051470398112,2.0770969495379616,24.810857571322188,5,159,Peach LLC/GDC4,Big Fair Don't Care/MGF2,Shots Fired/KQ30,M A S K S/BB4,Purple Reign/BB3
Chris Baldwin,MPLS,27.169198931764342,2.264601188661756,22.63999655444083,3,110,Peach LLC/GDC4,Big Fair Don't Care/MGF2,Seattle BooperSonics/BB4
Alex Simchuk,PDX,29.91791795630137,4.947172147957277,20.023573660386816,1,38,Crossfaded and Scared in Troutdale/GDC4
Matt Abdou,PDX,21.49714684039226,2.443340740575994,16.610465359240273,4,131,Crossfaded and Scared in Troutdale/GDC4,#paulallenscard/BB4,Bee Day Squad/HH2,B-Team/BB3
Adrian Lyle Resquer,PDX,29.91791795630138,4.947172147957277,20.023573660386827,1,38,Crossfaded and Scared in Troutdale/GDC4
Julie King,PDX,27.488523228461034,2.545502413359928,22.397518401741177,5,129,Crossfaded and Scared in Troutdale/GDC4,Sunshine Squad/KQ30,#paulallenscard/BB4,Scoo-Bee-Doo/GDC3,BERRIES ARE A CHOKING HAZARD/BB3
Nikita Mikros,NY,20.985593447907416,4.148266825618205,12.689059796671005,3,60,Crossfaded and Scared in Troutdale/GDC4,ToXXXic/KQ30,Better than bots/GDC3
Zane Cacace,LA,15.993059391015024,3.458138315060109,9.076782760894805,4,107,Honeyweight Champions/GDC4,B. D. Ogre/BB4,Jennifer Connelly in Phenomena/HH2,BeeDeeOhNo/BB3
Rusteen Honardoost,LA,17.290721653386314,3.471962762621181,10.346796128143952,4,107,Honeyweight Champions/GDC4,Royal Jelly Jamboree/BB4,Jennifer Connelly in Phenomena/HH2,Berry Pickers Union/BB3
Nicole McKeon,LA,17.290721653386314,3.471962762621181,10.346796128143952,4,107,Honeyweight Champions/GDC4,Royal Jelly Jamboree/BB4,Jennifer Connelly in Phenomena/HH2,Berry Pickers Union/BB3
Chris Bentley,LA,11.149240460713944,5.88941559928864,-0.6295907378633352,2,48,Honeyweight Champions/GDC4,Berry Pickers Union/BB3
Matthew Shewfelt,LA,21.79325849072819,7.321019929788367,7.151218631151455,1,30,Honeyweight Champions/GDC4
Andi Slobodien,SF,26.17603013822655,2.0293886179297713,22.117252902367007,6,171,Nick@Nite Map/GDC4,S H A S H Strikes Back/MGF2,Not Safe for Snail/KQ30,M A S K S/BB4,J Crew/GDC3,lil chomp/BB3
Nick Davis,CHI,22.585594321070246,1.6821642929108485,19.22126573524855,7,230,Nick@Nite Map/GDC4,Reeeeeeee/MGF2,bingu!/KQ30,Ni Howdy/BB4,Got Gitted Good/HH2,Queso Fresco/GDC3,Hazard Phase/BB3
Nick Higgins,PDX,24.318986794250872,2.710525969830728,18.897934854589415,3,83,Nick@Nite Map/GDC4,J Mind/MGF2,Sunshine Squad/KQ30
Dylan Lee,PDX,32.53515841445398,2.009290726610607,28.51657696123277,6,166,Dope Shit Only/GDC4,Something Something Toxic/MGF2,[loud daphane noises]/KQ30,"Dope Hair, Don't Care/BB4",Infinite Joust/GDC3,DAD REACTS ONLY/BB3
Billy Faldo,KC,32.58397740147557,2.4824187985484247,27.619139804378722,4,113,Dope Shit Only/GDC4,Scott Christopher Aldridge/KQ30,Don't. You Won't./GDC3,Too Many Gummies/BB3
Ken Selby,SEA,18.445518263404168,3.7318438898838635,10.98183048363644,3,55,Be Bestest/GDC4,Queso Fresco/GDC3,Calamitibees/BB3
Brian Kang,NYC,29.66549228254972,2.2390890465795388,25.187314189390644,5,150,Be Bestest/GDC4,Chum Bucket/KQ30,Put Your Hands In The Air/BB4,J Crew/GDC3,Team Break/BB3
Jack Salaski,MPLS,28.492073893061466,2.6383376920645807,23.215398508932303,4,105,Be Bestest/GDC4,Oh Jeez/MGF2,Ope!/GDC3,wow/BB3
Johnmark Faris,PDX,32.31821009313147,2.294741269947227,27.728727553237015,5,145,Good Luck/GDC4,Not Safe for Snail/KQ30,Sting Theory/BB4,Infinite Joust/GDC3,Higgins Boson/BB3
Neal Smith,PDX,30.47245046854562,2.81784991085806,24.8367506468295,3,88,Good Luck/GDC4,Ruin My Hole/GDC3,Nice~Heaven/BB3
Mat Herring,PDX,30.47245046854562,2.81784991085806,24.8367506468295,3,88,Good Luck/GDC4,Ruin My Hole/GDC3,Nice~Heaven/BB3
David Garzon,CHI,33.552748570570806,2.3589667083630306,28.834815153844744,4,120,Good Luck/GDC4,Hunks/KQ30,Ruin My Hole/GDC3,The Yung Knucks/BB3
Jacob Whiteoak,MPLS,15.500183435224036,4.939287614360065,5.621608206503906,2,44,Inherent Vice/GDC4,ain't no laws/MGF2
Amanda Pertwee,CBUS,18.387548254856945,5.450049056275096,7.487450142306754,1,30,Inherent Vice/GDC4
Ben Engel,SLC,22.21743161191126,3.591131049955089,15.035169512001081,2,65,Inherent Vice/GDC4,Bumpkin Spice Latte/HH2
Miranda Aguilar,PDX,23.988652159705367,2.700505465459501,18.587641228786367,3,105,Inherent Vice/GDC4,Pince Harming/BB4,Flappers & The Dapper Tappers/BB3
Dezi-PDX,PDX,17.875532700432935,4.9833166216737705,7.908899457085393,2,40,Inherent Vice/GDC4,Scoo-Bee-Doo/GDC3
Austin Kemmer,FM,18.929963439305045,6.749078521398214,5.431806396508616,1,14,ain't no laws/MGF2
Keli Gilbertson,MPLS,21.299921646551983,5.6696585618372595,9.960604522877464,2,26,ain't no laws/MGF2,Ope!/GDC3
John Schneider,FM,18.929963439305038,6.749078521398214,5.431806396508609,1,14,ain't no laws/MGF2
Dustin Kerber,FM,18.92996343930504,6.749078521398214,5.4318063965086125,1,14,ain't no laws/MGF2
Hilton Jones,MAD,21.373434181293835,3.0105839338865454,15.352266313520744,4,93,Tim Curry & The Mystery of Cheese Pizza/MGF2,Trashturbation/KQ30,Some Like It Honk/BB4,Hot Dish/BB3
Stefen Showers,MAD,32.462957338695176,3.549609882011888,25.3637375746714,2,49,Tim Curry & The Mystery of Cheese Pizza/MGF2,Some Like It Honk/BB4
Heidi Jones,MAD,21.373434181293835,3.0105839338865454,15.352266313520744,4,93,Tim Curry & The Mystery of Cheese Pizza/MGF2,Trashturbation/KQ30,Some Like It Honk/BB4,Hot Dish/BB3
Paul Fore,MPLS,25.694317328858272,2.3980105795231004,20.89829616981207,3,105,Two Spoons/MGF2,Live Laugh Love/BB4,Minnesota Mean/BB3
Dexter Chacko,MPLS,31.127351731956058,2.070390034766221,26.986571662423614,4,148,Two Spoons/MGF2,CHiSP/KQ30,Live Laugh Love/BB4,wow/BB3
David Kirk,CHI,31.708187042474744,2.2803813575132077,27.147424327448327,4,129,Two Spoons/MGF2,The Yung Knuxxx/KQ30,A Good Sussparilla/BB4,The Yung Knucks/BB3
Michael Esparza,CHI,26.986139029974463,2.815223760535375,21.355691508903714,3,80,J Mind/MGF2,Bonus Salt Queen/KQ30,Too Many Gummies/BB3
Maxwel Knudsen,CHA,28.38395728130256,3.982550024736985,20.41885723182859,1,32,The Adventure Drone/MGF2
Ryan Nevison,CHA,26.765314517496254,3.1974956225092686,20.370323272477716,2,64,The Adventure Drone/MGF2,Friendly Flyers/BB4
Craig Richards,STL,20.070968333480238,2.5525649204490493,14.96583849258214,4,106,Boops Ahoy/MGF2,Arcade AF/KQ30,Dank Booty Apparel Company/BB4,Fleur de Bees/BB3
"Matthew ""Arde"" Zwilling",MPLS,33.99467460297157,2.9833852677837966,28.027904067403977,2,64,Fam in Famine/MGF2,Fam in Famine/KQ30
Dan Miller,MPLS,29.593246968172,2.715306404899682,24.162634158372637,3,92,Fam in Famine/MGF2,Fam in Famine/KQ30,Minnesota Mean/BB3
Joe Miller,MPLS,29.593246968172,2.715306404899682,24.162634158372637,3,92,Fam in Famine/MGF2,Fam in Famine/KQ30,Minnesota Mean/BB3
Ryan Rismon,MPLS,32.55287435877778,2.3270208729784208,27.898832612820936,4,119,Fam in Famine/MGF2,Fam in Famine/KQ30,POGS/BB4,NODEX/BB3
Connor Venteicher,MPLS,20.705986894032662,2.29778032890201,16.11042623622864,3,104,Fam in Famine/MGF2,Shots Fired/KQ30,POGS/BB4
Carlos DeLaSerda,CBUS,29.964839566610095,2.4079813089130506,25.148876948783993,3,101,Super S H A S H Bros./MGF2,"MATH, But Beta/KQ30",oh no/BB4
Nick Larsen,MPLS,26.28425300349815,2.5201031096173128,21.244046784263524,3,101,Oh Jeez/MGF2,Live Laugh Love/BB4,Minnesota Mean/BB3
Jesse Sorensen,MPLS,32.32999536318992,2.3722358472401845,27.585523668709556,3,111,Oh Jeez/MGF2,Live Laugh Love/BB4,wow/BB3
Andrea- MPLS - MGF,MPLS,27.591720320772502,4.277291646048426,19.03713702867565,1,26,Oh Jeez/MGF2
Beau Pulvermacher,MPLS,22.27124442052821,3.208125957363131,15.854992505801947,4,78,Oh Jeez/MGF2,Cora’s Explorers/KQ30,Ope!/GDC3,TOXIC/BB3
Andrew Quang,CHI,37.53139321658533,1.7690518822274794,33.99328945213037,6,224,Reeeeeeee/MGF2,bingu!/KQ30,Ni Howdy/BB4,Double Dreygon/HH2,J Crew/GDC3,MINDFREAK/BB3
Josh Biedenweg,SF,32.04598955363074,1.9552070330677427,28.135575487495256,5,165,Big Fair Don't Care/MGF2,JoshB's SF Squad/KQ30,SF Sekrit/BB4,J Crew/GDC3,Chomp Chomp/BB3
Justyn Dooley,BOS,20.706010325811814,4.806930887721937,11.09214855036794,2,37,Mr. Buth's Wild Ride/MGF2,Pilcerova's Hornets/BB4
Helen Lau,CHI,37.86568057242881,1.999240814558311,33.86719894331219,4,170,S H A S H Strikes Back/MGF2,bingu!/KQ30,Ni Howdy/BB4,MINDFREAK/BB3
Taylor Christianson,MPLS,21.177203704559325,3.8818820171386696,13.413439670281985,3,61,Splash of SEA-MIN/MGF2,Trashturbation/KQ30,SEA-MIN/BB3
Kelvin Collado,MPLS,25.71985803934084,4.867049502302346,15.985759034736146,2,36,Splash of SEA-MIN/MGF2,NODEX/BB3
Alex Valdez,MAD,15.607380280712157,3.934227780017956,7.738924720676245,3,55,Splash of SEA-MIN/MGF2,Cora’s Explorers/KQ30,BeeDeeOhNo/BB3
Shawn Matthew,MPLS,30.18234219664443,4.138552080977169,21.905238034690093,1,26,Something Something Toxic/MGF2
Eduardo Martinez Banda,DFW,35.61044278407282,1.9641314063604856,31.682179971351854,4,141,Something Something Toxic/MGF2,Chile Bee-Lleno/KQ30,What is Coin Op?/BB4,Got Gitted Good/HH2
Ryan Vile,CBUS,25.732908781015244,3.207250269717488,19.31840824158027,2,64,Get Dixie Rekt/MGF2,BOOM! Tetris/BB4
Hugo Meneses,KC,26.43755770677835,2.8952426294362015,20.64707244790595,4,88,Get Dixie Rekt/MGF2,FaZe Clan/KQ30,Broke Boi$ Mtn/GDC3,Too Many Gummies/BB3
Toshi Satow,SEA,31.66113751068726,2.440241204139868,26.780655102407525,4,113,Trash/MGF2,Trashturbation/KQ30,BumbleTrash/BB4,Bee Day Squad/HH2
Rachel Rohrbach,SEA,29.850076761468888,3.0215486648874585,23.80697943169397,3,79,Trash/MGF2,Trashturbation/KQ30,BumbleTrash/BB4
Jesse Spalding,MPLS,25.171304392669473,5.393283900739047,14.384736591191379,1,18,Trash/MGF2
Brian Malloy,SFL,25.801165027594188,6.672123849228282,12.456917329137623,1,12,Laser Wolf/MGF2
Dave - SFL,SFL,21.96468473162615,4.691623801093577,12.581437129438996,2,36,Laser Wolf/MGF2,ALL FOUR ONE/KQ30
Jon - SFL - MGF,SFL,25.801165027594188,6.672123849228282,12.456917329137623,1,12,Laser Wolf/MGF2
Fez - SFL,SFL,21.96468473162616,4.691623801093577,12.581437129439006,2,36,Laser Wolf/MGF2,ALL FOUR ONE/KQ30
Levi - SFL,SFL,21.96468473162616,4.691623801093577,12.581437129439006,2,36,Laser Wolf/MGF2,ALL FOUR ONE/KQ30
Nick Valentine,MPLS,23.226568389795926,3.333891244316375,16.558785901163176,4,94,PIZZA/MGF2,Fam in Famine/KQ30,PIZZA/BB4,PIZZA/BB3
Kat Naden,MPLS,16.89162833630234,5.529614158234992,5.832400019832356,2,33,PIZZA/MGF2,PIZZA/BB3
Karla Gonzalez,MPLS,16.89162833630234,5.529614158234992,5.832400019832356,2,33,PIZZA/MGF2,PIZZA/BB3
Alison Jesme,MPLS,16.434083671786784,4.458868547466877,7.51634657685303,3,64,PIZZA/MGF2,PIZZA/BB4,PIZZA/BB3
Francis Sullivan,MPLS,17.1932151408701,4.334211644883072,8.524791851103958,3,61,PIZZA/MGF2,PIZZA/BB4,Calamitibees/BB3
Christos Passalis-Bain,MKE,21.497691872518253,6.330455207616917,8.836781457284419,1,12,HAT GANG/MGF2
Eric Brill,MKE,21.497691872518264,6.330455207616917,8.83678145728443,1,12,HAT GANG/MGF2
Nate Winter,MKE,21.497691872518264,6.330455207616917,8.83678145728443,1,12,HAT GANG/MGF2
"Elizabeth ""Eli"" Bramm",MKE,21.497691872518264,6.330455207616917,8.83678145728443,1,12,HAT GANG/MGF2
Kyle Gustafson,MKE,25.35753105513817,2.9614210495889366,19.434688955960297,3,66,HAT GANG/MGF2,FaZe Clan/KQ30,Keeper of the Shades™/BB4
Geovanny Tzarax,MPLS,25.12165977662931,4.255995457098436,16.60966886243244,2,39,Refried Bees/MGF2,NODEX/BB3
Carlos Trejo,DFW,31.099838742838973,2.221156550434135,26.657525641970704,4,118,Refried Bees/MGF2,Chile Bee-Lleno/KQ30,What is Coin Op?/BB4,Queens of the Drone Age/HH2
Errol Higdon,MPLS,23.35401808993771,4.94106096797325,13.47189615399121,1,19,Refried Bees/MGF2
Ken Bougie,MPLS,25.12165977662931,4.255995457098436,16.60966886243244,2,39,Refried Bees/MGF2,NODEX/BB3
Shelby Marie,MPLS,23.35401808993772,4.94106096797325,13.47189615399122,1,19,Refried Bees/MGF2
Sam Tregillus,MPLS,19.457721211216793,6.30460312637185,6.848514958473093,1,14,The Bee Sharps/MGF2
Scott Myran,MPLS,19.457721211216793,6.30460312637185,6.848514958473093,1,14,The Bee Sharps/MGF2
Jake Helgerson,MPLS,9.786785512311994,5.670072267071624,-1.5533590218312536,2,28,The Bee Sharps/MGF2,Sleeper Scene/MGF2
Jack Johnson,MPLS,19.457721211216782,6.30460312637185,6.848514958473082,1,14,The Bee Sharps/MGF2
Ashleigh Cimino,MPLS,19.457721211216782,6.30460312637185,6.848514958473082,1,14,The Bee Sharps/MGF2
Sean White,MPLS,15.726619907352417,6.649626644754491,2.4273666178434343,1,14,Sleeper Scene/MGF2
Tiffany Nelson,MPLS,15.72661990735241,6.649626644754491,2.427366617843427,1,14,Sleeper Scene/MGF2
Luke Lemke,MPLS,15.72661990735241,6.649626644754491,2.427366617843427,1,14,Sleeper Scene/MGF2
Josh Nielsen,MPLS,15.72661990735241,6.649626644754491,2.427366617843427,1,14,Sleeper Scene/MGF2
Paul Hillman,MPLS,22.426450821623973,5.732126893828293,10.962197033967387,1,18,A Team Has No Name/MGF2
Ian Cummings,MPLS,19.542956580671014,4.41737053458978,10.708215511491455,2,38,A Team Has No Name/MGF2,Cora’s Explorers/KQ30
Benton-MGF-SEA,SEA,22.426450821623973,5.732126893828293,10.962197033967387,1,18,A Team Has No Name/MGF2
Nick Bornemann,MPLS,12.18841344446174,4.952803043878134,2.2828073567054705,2,36,A Team Has No Name/MGF2,It's Pronounced GIF/BB3
Robert Miller,MPLS,24.22108394212438,5.932878844528268,12.355326253067844,1,15,Bazinga/MGF2
Lindsay Miller,MPLS,24.22108394212438,5.932878844528268,12.355326253067844,1,15,Bazinga/MGF2
Gabriel Brown,MPLS,24.221083942124395,5.932878844528268,12.355326253067858,1,15,Bazinga/MGF2
Nate Fitzgerald,MPLS,24.221083942124395,5.932878844528268,12.355326253067858,1,15,Bazinga/MGF2
Gorzo Zorig,MPLS,24.221083942124395,5.932878844528268,12.355326253067858,1,15,Bazinga/MGF2
Ben Hagaman,MPLS,17.979922532113452,7.042222148830922,3.895478234451609,1,12,Free Agents/MGF2
Johanna Rose,MPLS,10.053915877344881,5.7025663738368975,-1.3512168703289138,2,30,Free Agents/MGF2,It's Pronounced GIF/BB3
Emily Montgomery,MPLS,17.979922532113452,7.042222148830922,3.895478234451609,1,12,Free Agents/MGF2
Rosalinda Olivares,DFW,23.229645362658562,3.421056657985241,16.38753204668808,2,53,Free Agents/MGF2,What is Coin Op?/BB4
Bri Mastin,FM,17.979922532113452,7.042222148830922,3.895478234451609,1,12,Free Agents/MGF2
John Colby Cook,CHI,25.3645539758602,2.702408273275428,19.959737429309342,3,88,Hunks/KQ30,Spicy Milk/BB4,It Has Been/BB3
Joshua Debonis,NYC,17.10718337105481,5.8607600991487265,5.385663172757356,1,16,ToXXXic/KQ30
Amanda Debonis,NYC,17.10718337105481,5.8607600991487265,5.385663172757356,1,16,ToXXXic/KQ30
Woody Stanfield,CHI,36.59237834734614,2.0443279983360765,32.50372235067399,4,153,Uh/KQ30,Ni Howdy/BB4,Got Gitted Good/HH2,It Has Been/BB3
Dan Barron,CHI,38.892560308608644,2.536660988284095,33.819238332040456,3,125,Uh/KQ30,Ni Howdy/BB4,MINDFREAK/BB3
Rishi Khullar,CHI,38.65678495030685,3.0661148304002217,32.52455528950641,2,78,Uh/KQ30,MINDFREAK/BB3
Andrew Kelley,NYC,34.80332498221484,2.289299435845239,30.22472611052436,3,133,Melissophilia/KQ30,Put Your Hands In The Air/BB4,CLEAN/BB3
Peter Williams,NYC,29.019057593574818,3.4737332359288433,22.07159112171713,1,42,Melissophilia/KQ30
Alex Hogan,CBUS,22.038353007605064,3.5594998373372624,14.91935333293054,2,51,Talk XXX To Me/KQ30,ClusterDuc/BB4
Kaylan Ellis,CBUS,20.752768066564293,5.267712625193957,10.217342816176378,1,20,Talk XXX To Me/KQ30
Eric Howell,CBUS,20.65408503357133,3.6004420102595347,13.453201013052261,2,55,Talk XXX To Me/KQ30,Super Smash Bees/BB4
Alex Kogan,CHI,17.930414511217467,3.4459613143339767,11.038491882549515,2,55,Talk XXX To Me/KQ30,Bring Ingredient/BB4
Louise Reilly,MAD,14.967278624387179,5.636501635694654,3.6942753529978702,1,16,Domme/KQ30
Josh Eklow,CHI,16.16732078331105,4.702452174155785,6.762416434999482,2,34,Domme/KQ30,Calamitibees/BB3
Adriana Chechik,CHI,28.855146770248552,3.2191253173515917,22.416896135545368,1,41,bingu!/KQ30
Brian Hennen,CHA,25.50064557692145,4.612870986826377,16.274903603268697,1,27,Jen & Micah's 1-Year Anniversary/KQ30
Adam Blonski,CHI,19.031649712081876,3.814688601161396,11.402272509759083,2,52,The Leftovers/KQ30,Royal Jelly Jamboree/BB4
Jon Duong,CHI,15.755162564856136,5.358830623180105,5.037501318495925,1,20,The Leftovers/KQ30
Bri McCabe,CHI,15.755162564856132,5.358830623180105,5.037501318495922,1,20,The Leftovers/KQ30
Bert Wierenga,CHI,28.93336718997091,2.7525960120375075,23.428175165895894,4,104,Eat My Jorts/KQ30,A Good Sussparilla/BB4,J Crew/GDC3,Happy New Year/BB3
Brian Susman,CHI,25.4739493769388,3.883376075504013,17.707197225930777,2,49,Eat My Jorts/KQ30,Happy New Year/BB3
Christina Norton,CHI,26.958107876356213,2.8813401590800227,21.195427558196165,3,89,Eat My Jorts/KQ30,A Good Sussparilla/BB4,Happy New Year/BB3
OTK,CBUS,19.079716538973145,4.508189458036597,10.063337622899951,1,23,Eat My Jorts/KQ30
Nick Giacone,CHI,25.4739493769388,3.883376075504013,17.707197225930777,2,49,Eat My Jorts/KQ30,Happy New Year/BB3
Tressa Points,SEA,25.23983899634636,2.4586344214969778,20.322570153352405,3,92,Seattle BooperSonics/KQ30,Seattle BooperSonics/BB4,Couples Bearapy/GDC3
Alyssa Sweeney,PDX,32.88235247604251,3.068432432628094,26.745487610786327,3,77,Sunshine Squad/KQ30,Sting Theory/BB4,Scoo-Bee-Doo/GDC3
Paul Thomas,SEA,34.0828883919921,3.5532916681403512,26.976305055711396,2,50,Sunshine Squad/KQ30,Seattle BooperSonics/BB3
Jason Galginaitis,PDX,29.88129385871769,2.1469866787097884,25.587320501298112,5,143,Sunshine Squad/KQ30,Pince Harming/BB4,Bee Day Squad/HH2,Scoo-Bee-Doo/GDC3,Bourgeois Bees/BB3
Michael Rasnic,CHI,30.685336941663362,3.3288220889928297,24.027692763677702,2,59,The Yung Knuxxx/KQ30,The Yung Knucks/BB3
Julia Azarcon,CBUS,20.625848103045247,3.7516219999989517,13.122604103047344,2,54,LaCroix Super Drank/KQ30,Super Smash Bees/BB4
Nik - CBUS - KQ30,CBUS,20.67013602138575,5.80944776836394,9.051240484657871,1,19,LaCroix Super Drank/KQ30
Sam - CBUS - KQ30,CBUS,20.67013602138575,5.80944776836394,9.051240484657871,1,19,LaCroix Super Drank/KQ30
Kenny Hill,CHA,23.371076905794727,4.494107704689447,14.382861496415833,1,25,Don't Go Chasing Waterfalls/KQ30
Austin Turney,KC,28.46288557854266,2.998508057119808,22.465869464303044,3,76,Scott Christopher Aldridge/KQ30,Broke Boi$ Mtn/GDC3,Too Many Gummies/BB3
Brendan McGarry,KC,31.475642205575372,3.6024541155927485,24.270733974389877,1,38,Scott Christopher Aldridge/KQ30
Jared Douglas,KC,31.475642205575372,3.6024541155927485,24.270733974389877,1,38,Scott Christopher Aldridge/KQ30
Wyatt Roberts,KC,28.462885578542668,2.998508057119808,22.46586946430305,3,76,Scott Christopher Aldridge/KQ30,Broke Boi$ Mtn/GDC3,Too Many Gummies/BB3
Michael Roman,STL,17.120746751437288,3.3002799735796966,10.520186804277895,3,83,Arcade AF/KQ30,Sydney's Side Bees/BB4,Fleur de Bees/BB3
Nick McKeever,STL,24.198669345319193,2.805504097393796,18.587661150531602,3,92,Arcade AF/KQ30,Dank Booty Apparel Company/BB4,How I Met Your Hover/BB3
DJ Knerr,STL,24.44696126706224,2.9839779870715453,18.479005292919148,2,69,Arcade AF/KQ30,Dank Booty Apparel Company/BB4
Anthony Sifuentes,DFW,27.230954303497942,4.4590352604581245,18.312883782581693,1,26,Chile Bee-Lleno/KQ30
Julian Ochoa,DFW,27.23095430349794,4.4590352604581245,18.31288378258169,1,26,Chile Bee-Lleno/KQ30
Charles Bentley,DFW,30.767399957394797,2.968333163712854,24.83073362996909,2,67,Chile Bee-Lleno/KQ30,What is Coin Op?/BB4
Todd Blatt,BMOR,19.769276350022345,6.511324005092304,6.746628339837738,1,17,Stinger Bell/KQ30
Jessica Kali,BMOR,19.769276350022345,6.511324005092304,6.746628339837738,1,17,Stinger Bell/KQ30
Steve Titra,CHI,19.769276350022345,6.511324005092304,6.746628339837738,1,17,Stinger Bell/KQ30
Andrew Daugherty,NYC,32.455482414957885,2.069405826847462,28.316670761262962,4,145,Chum Bucket/KQ30,FSw/oU/BB4,Queens of the Drone Age/HH2,Rice 'n Bees/BB3
Courtney Elizabeth,CBUS,23.19232341719473,4.622391109788353,13.947541197618023,1,20,Spicy: La BoiXXX/KQ30
Brandon Robertson,ATX,22.101157228277795,4.38830994324825,13.324537341781296,2,41,Some Free Bees/KQ30,Hive of the Mantis/BB3
Jonathan Pollard,ATX,22.101157228277795,4.38830994324825,13.324537341781296,2,41,Some Free Bees/KQ30,Hive of the Mantis/BB3
Jaimie Bougie,ATX,21.532122916159125,5.461767778657221,10.608587358844682,1,18,Some Free Bees/KQ30
Mario Herrera,ATX,21.532122916159132,5.461767778657221,10.608587358844689,1,18,Some Free Bees/KQ30
Stephen Kahlke,ATX,21.53212291615912,5.461767778657221,10.608587358844678,1,18,Some Free Bees/KQ30
Cora-Lee Bowman,MPLS,15.170372680160936,4.681893615361254,5.806585449438428,2,39,Cora’s Explorers/KQ30,Hot Dish/BB3
John Dibella,MPLS,21.259987650267213,5.281943867688181,10.696099914890851,1,20,Cora’s Explorers/KQ30
Rodrigo Cabrera,NYC,25.376740226571425,5.195037551072363,14.986665124426699,1,22,Corn on the Cab/KQ30
Jason Steckey,CLT,25.273021227604907,3.578075485063424,18.11687025747806,2,57,Corn on the Cab/KQ30,Super Smash Bees/BB4
Ben Mills,NYC,21.405142658697205,3.4762990670712575,14.452544524554689,2,49,Corn on the Cab/KQ30,Hive it Our Way/HH2
Alex Panait,NYC,22.321480655021617,3.428177529985881,15.465125595049855,2,52,DON'T PANIC/KQ30,Keeper of the Shades™/BB4
Casey Campbell,CHI,21.145003030137893,3.0789376418585883,14.987127746420716,2,61,DON'T PANIC/KQ30,YUH/BB4
Ola Lisowski,MAD,19.117567258179953,5.532765185008603,8.052036888162748,1,22,DON'T PANIC/KQ30
Amanda Trexler,CHI,15.895944804171297,4.734683708896895,6.426577386377506,2,40,DON'T PANIC/KQ30,Hazard Phase/BB3
Josh Bee,CBUS,29.144622799320707,4.124135779275178,20.89635124077035,1,31,ClusterDuc/BB4
Emily Leonard,STL,22.568127594603773,3.4103697874561965,15.74738801969138,2,55,Dank Booty Apparel Company/BB4,How I Met Your Hover/BB3
Joey LeCompte,SEA,15.952082314338378,5.08079022492315,5.790501864492079,1,32,Boops!...I did it again./BB4
Steven Pulliam,PDX,15.952082314338378,5.08079022492315,5.790501864492079,1,32,Boops!...I did it again./BB4
John Chaney,CLT,15.952082314338378,5.08079022492315,5.790501864492079,1,32,Boops!...I did it again./BB4
Jeffrey Lyman,BOS,15.952082314338378,5.08079022492315,5.790501864492079,1,32,Boops!...I did it again./BB4
Santiago Andaluz Ruiz,BOS,15.952082314338377,5.08079022492315,5.790501864492077,1,32,Boops!...I did it again./BB4
Master Joe,SFL,26.241249293078187,4.442833143039712,17.355583006998764,1,30,Arguably/BB4
The Architech (JP),SFL,26.241249293078187,4.442833143039712,17.355583006998764,1,30,Arguably/BB4
Showtime (Michael F),SFL,26.241249293078187,4.442833143039712,17.355583006998764,1,30,Arguably/BB4
Cute Don (Cute Don),SFL,26.241249293078187,4.442833143039712,17.355583006998764,1,30,Arguably/BB4
r0mps (Ricardo),SFL,26.241249293078187,4.442833143039712,17.355583006998764,1,30,Arguably/BB4
Trevor Luster,DSM,16.392132526103882,5.316180856517397,5.759770813069089,1,28,Beemeditated Murder/BB4
Kaitlyn Pace,DFW,16.392132526103882,5.316180856517397,5.759770813069089,1,28,Beemeditated Murder/BB4
Stephen Renfroe,DFW,16.392132526103882,5.316180856517397,5.759770813069089,1,28,Beemeditated Murder/BB4
Dennis Chern,KC,16.39213252610388,5.316180856517397,5.7597708130690854,1,28,Beemeditated Murder/BB4
Tony Rojo,MKE,16.392132526103875,5.316180856517397,5.759770813069082,1,28,Beemeditated Murder/BB4
Spencer Burton,BOS,25.81811391226577,3.71368280034508,18.39074831157561,1,40,A Good Sussparilla/BB4
Richard Chan,NYC,33.095033560065076,2.821629083112029,27.451775393841018,2,72,grandpa-billy.rake/BB4,Pigeon Rats/BB3
Kendra Kop,SF,21.55471902387222,3.947595975749334,13.659527072373553,1,35,Bring Ingredient/BB4
Jason Maxwell,CHA,26.74405486716935,3.9163221736247067,18.911410519919936,1,38,BOOM! Tetris/BB4
Camille Cass,CHA,26.744054867169346,3.9163221736247067,18.911410519919933,1,38,BOOM! Tetris/BB4
Karl Smith,NYC,25.463191365212246,3.9978572128315184,17.467476939549208,1,34,Big Mac and The McNuggets/BB4
Evan Ritscher,NYC,25.463191365212246,3.9978572128315184,17.467476939549208,1,34,Big Mac and The McNuggets/BB4
Jordan Toth,NYC,25.463191365212264,3.9978572128315184,17.46747693954923,1,34,Big Mac and The McNuggets/BB4
Brian Knecht,STL,19.635800158356755,4.785454201780683,10.064891754795388,1,31,B. D. Ogre/BB4
Kevin Knecht,STL,19.635800158356755,4.785454201780683,10.064891754795388,1,31,B. D. Ogre/BB4
Nick Bee,MPLS,19.635800158356744,4.785454201780683,10.064891754795378,1,31,B. D. Ogre/BB4
Logan Duren,CHA,19.635800158356744,4.785454201780683,10.064891754795378,1,31,B. D. Ogre/BB4
Brad Schoenherr,MPLS,18.743394986323942,4.422737186919855,9.897920612484231,1,33,Marina & the Diamonds/BB4
Joe Pollard,ATX,14.966917751962677,3.8757877547414594,7.215342242479759,2,55,Marina & the Diamonds/BB4,WooGoo/BB3
Rick Rushing,CHA,19.681487676454026,4.414307762284194,10.852872151885638,1,32,Friendly Flyers/BB4
Jack Akins,CHA,19.681487676454026,4.414307762284194,10.852872151885638,1,32,Friendly Flyers/BB4
Justin Time,CHA,19.681487676454,4.414307762284196,10.85287215188561,1,32,Friendly Flyers/BB4
Frankie Pinkston,CHA,19.681487676454,4.414307762284196,10.85287215188561,1,32,Friendly Flyers/BB4
Brian Aston,JAX,24.375758475626974,4.335648408870991,15.704461657884991,1,38,Dumpster (J)Divers/BB4
Matthew Stevenson,JAX,24.375758475626974,4.335648408870991,15.704461657884991,1,38,Dumpster (J)Divers/BB4
Aaron Bobby,JAX,24.375758475626974,4.335648408870991,15.704461657884991,1,38,Dumpster (J)Divers/BB4
Monica West,JAX,24.375758475626974,4.335648408870991,15.704461657884991,1,38,Dumpster (J)Divers/BB4
Jordan Trajano,JAX,24.375758475626974,4.335648408870991,15.704461657884991,1,38,Dumpster (J)Divers/BB4
John Smith,SF,25.65973935685675,3.962295374433584,17.735148607989583,1,35,Oishīdesu ka?/BB4
Chris Dessonville,SF,25.964553425496607,3.445853449856944,19.07284652578272,2,56,Oishīdesu ka?/BB4,Duck Hunt/HH2
Nathan Vorhees,PDX,24.00302658433467,3.4180342864703515,17.166958011393966,2,59,Oishīdesu ka?/BB4,Berry'd Treasure/BB3
Joe P  - SFL - BB4,SFL,23.679192815239723,4.281114017941423,15.116964779356877,1,35,Fresh/BB4
Jabin Thomas,SFL,23.679192815239723,4.281114017941423,15.116964779356877,1,35,Fresh/BB4
Brandon Gould,SFL,23.679192815239723,4.281114017941423,15.116964779356877,1,35,Fresh/BB4
Alex - SFL - BB4,SFL,23.679192815239748,4.281114017941423,15.116964779356902,1,35,Fresh/BB4
James Bishop,SLC,30.02950079893516,3.1893202488081633,23.650860301318833,2,71,Escarletsgo/BB4,Bumpkin Spice Latte/HH2
Nickie Bishop,SLC,30.02950079893516,3.1893202488081633,23.650860301318833,2,71,Escarletsgo/BB4,Bumpkin Spice Latte/HH2
Curtis Clements,SLC,24.551970665938207,3.6146085657632288,17.32275353441175,2,57,Escarletsgo/BB4,Mulholland Dive/HH2
John Lyons,CIN,23.777101850036388,4.02826848441363,15.720564881209128,1,33,Dick Cheney Profited Off The Iraq War/BB4
Austin Husky,CIN,23.777101850036388,4.02826848441363,15.720564881209128,1,33,Dick Cheney Profited Off The Iraq War/BB4
Hayley Huge,CIN,23.777101850036388,4.02826848441363,15.720564881209128,1,33,Dick Cheney Profited Off The Iraq War/BB4
JC Statt,CIN,23.777101850036395,4.02826848441363,15.720564881209135,1,33,Dick Cheney Profited Off The Iraq War/BB4
Anthony Haats,CHA,38.54003398866495,3.483834172889528,31.572365642885895,1,40,Double it!/BB4
Given Arnold,CHA,15.223885891145969,5.796565480151649,3.63075493084267,1,34,Bubblegunk Campers/BB4
Josiah Weaver,CHA,15.223885891145969,5.796565480151649,3.63075493084267,1,34,Bubblegunk Campers/BB4
Zach Weaver,CHA,15.223885891145972,5.796565480151649,3.6307549308426736,1,34,Bubblegunk Campers/BB4
Luis Fortlin,CHA,15.223885891145972,5.796565480151649,3.6307549308426736,1,34,Bubblegunk Campers/BB4
Duncan Arnold,CHA,15.223885891145972,5.796565480151649,3.6307549308426736,1,34,Bubblegunk Campers/BB4
Mike Dooley,NY,32.24446290332766,2.9886983765294715,26.267066150268715,2,71,FSw/oU/BB4,Mucho Tasto/GDC3
Jenny Chang,NYC,31.072504997545156,2.787077335254338,25.49835032703648,2,86,FSw/oU/BB4,Rice 'n Bees/BB3
Chris Wallace,NYC,23.807700732242083,3.1205559483360026,17.566588835570077,2,67,FSw/oU/BB4,Lakes On Mars/BB3
Ben Oztaly,SF,19.962755954172597,3.756079441818851,12.450597070534894,1,34,HoBB4/BB4
Ara Roselani,PDX,27.2679164840628,2.885380221393196,21.497156041276405,2,75,Pince Harming/BB4,Flappers & The Dapper Tappers/BB3
Alexander Lee,DFW,26.440634787505015,3.5875164105334694,19.265601966438076,1,41,#paulallenscard/BB4
Will Edmonson,DFW,26.440634787505033,3.5875164105334694,19.265601966438094,1,41,#paulallenscard/BB4
Ceres Lee,BOS,13.93554260035528,5.717953354631972,2.4996358910913354,1,28,Pilcerova's Hornets/BB4
Thomas Boning,BOS,13.93554260035528,5.717953354631972,2.4996358910913354,1,28,Pilcerova's Hornets/BB4
Matthew Steele,BOS,13.935542600355278,5.717953354631972,2.4996358910913337,1,28,Pilcerova's Hornets/BB4
Michael Leuchtenburg,BOS,13.93554260035528,5.717953354631972,2.4996358910913354,1,28,Pilcerova's Hornets/BB4
Katie Kasten,DFW,22.10500708308703,4.537113613805806,13.03077985547542,1,33,"Honey, I Killed the Queen!/BB4"
Amy Louangrath,DFW,22.10500708308703,4.537113613805806,13.03077985547542,1,33,"Honey, I Killed the Queen!/BB4"
Corey Cossentino,BMOR,22.10500708308703,4.537113613805806,13.03077985547542,1,33,"Honey, I Killed the Queen!/BB4"
Gab Sosa,SEA,27.935410496824964,2.860353407336997,22.21470368215097,2,62,Seattle BooperSonics/BB4,Couples Bearapy/GDC3
Steven Bartel,MAD,31.110867825609816,4.50149197155687,22.107883882496076,1,32,Royal Jelly Jamboree/BB4
Peter Gill,MAD,31.110867825609816,4.50149197155687,22.107883882496076,1,32,Royal Jelly Jamboree/BB4
Sam Powers,CBUS,25.74762383612314,4.194264165126592,17.359095505869956,1,35,Super Smash Bees/BB4
Kevan Smoliak,MPLS,21.211399945322665,4.803123774798781,11.605152395725103,2,52,PIZZA/BB4,PIZZA/BB3
Shelby Renee,MPLS,13.812984973069034,4.826423037941233,4.160138897186567,2,49,PIZZA/BB4,It's Pronounced GIF/BB3
Nate Johnson,ATL,19.75052369262512,4.510037812394897,10.730448067835326,1,32,Top Bottoms/BB4
Sarah Mack,CHA,19.75052369262512,4.510037812394897,10.730448067835326,1,32,Top Bottoms/BB4
Craig Stukey,LA,17.629765260274226,4.08749648588643,9.454772288501365,2,53,Top Bottoms/BB4,Ginyu Force/BB3
Adam Kocis,JAX,22.55532622590189,4.699551098812763,13.156224028276364,1,36,The Spectators/BB4
Kristen Ferris,JAX,22.55532622590189,4.699551098812763,13.156224028276364,1,36,The Spectators/BB4
Evin Schmidt,JAX,22.55532622590189,4.699551098812763,13.156224028276364,1,36,The Spectators/BB4
Vivvian Curran,JAX,22.55532622590188,4.699551098812763,13.156224028276354,1,36,The Spectators/BB4
Joshua Howlett,JAX,22.55532622590189,4.699551098812763,13.156224028276364,1,36,The Spectators/BB4
Kim Cox-Grosso,PHX,21.36972128705729,3.3827186060844054,14.604284074888477,1,52,Mologna Sandwich/BB4
Burton Flake,PHX,29.48205280996927,2.682770095705473,24.116512618558325,3,106,Mologna Sandwich/BB4,"You, Me, and Rick James/HH2",Beenix Rising/BB3
Max Sumeta,PHX,21.36972128705729,3.3827186060844054,14.604284074888477,1,52,Mologna Sandwich/BB4
Sam Gramley,PHX,21.36972128705729,3.3827186060844054,14.604284074888477,1,52,Mologna Sandwich/BB4
Sydney Niles,CLT,12.986525247301705,5.022306080695717,2.9419130859102705,1,28,Sydney's Side Bees/BB4
Aaron Carter,CLT,12.986525247301705,5.022306080695717,2.9419130859102705,1,28,Sydney's Side Bees/BB4
Chris Hailey,DFW,30.791367201934076,3.5298391035122645,23.731688994909547,1,41,What is Coin Op?/BB4
Maisie Sumo,SF,26.520692255305974,5.241471132443749,16.037749990418476,1,21,Duck Hunt/HH2
Yuting Sumo,SF,26.520692255305995,5.241471132443749,16.037749990418497,1,21,Duck Hunt/HH2
Ryley (Fr00tFly) Sumo,SF,26.520692255305992,5.241471132443749,16.037749990418494,1,21,Duck Hunt/HH2
nykh Sumo,SF,26.520692255305985,5.241471132443749,16.037749990418487,1,21,Duck Hunt/HH2
Mark Howell,SLC,31.86975069357159,4.094818633574852,23.680113426421883,1,35,Bumpkin Spice Latte/HH2
Kaylee Perkizas,SEA,32.32474144848828,2.580561907002144,27.163617634483995,2,70,Got Gitted Good/HH2,Starship Enterhive/BB3
Thomas Sumo,SF,25.779202779890962,6.058775960972559,13.661650857945844,1,21,Sumo Berry Boys/HH2
Sean Sumo,SF,25.779202779890962,6.058775960972559,13.661650857945844,1,21,Sumo Berry Boys/HH2
Duc Sumo,SF,25.779202779890962,6.058775960972559,13.661650857945844,1,21,Sumo Berry Boys/HH2
Sam Sumo,SF,25.779202779890948,6.058775960972558,13.661650857945832,1,21,Sumo Berry Boys/HH2
Rishi Sumo,SF,25.779202779890948,6.058775960972558,13.661650857945832,1,21,Sumo Berry Boys/HH2
Phil Bessenecker,LA,18.761631628044366,4.674708698075544,9.412214231893278,2,45,Jennifer Connelly in Phenomena/HH2,Berry Pickers Union/BB3
Steve Lee,LAX,34.036818938621856,5.280443803664468,23.47593133129292,1,27,Jennifer Connelly in Phenomena/HH2
Heather Gardner,PDX,34.56115012684014,3.551905488537666,27.457339149764806,1,34,Bee Day Squad/HH2
Q - Red Bull - HH2,Red Bull,13.574452509840498,5.761958116132688,2.0505362775751212,1,21,Mini Mob/HH2
Hunter Hatch,Red Bull,13.574452509840498,5.761958116132688,2.0505362775751212,1,21,Mini Mob/HH2
Anuhia Reimann,Red Bull,13.574452509840498,5.761958116132688,2.0505362775751212,1,21,Mini Mob/HH2
Natalie Crawford,Red Bull,13.574452509840498,5.761958116132688,2.0505362775751212,1,21,Mini Mob/HH2
Joseph Galligan,Red Bull,13.574452509840498,5.761958116132688,2.0505362775751212,1,21,Mini Mob/HH2
Lukas S. - Red Bull - HH2,Red Bull,17.11675353948056,5.642614271060728,5.831524997359104,1,21,Game of Combs/HH2
Trever Harley,Red Bull,17.11675353948056,5.642614271060728,5.831524997359104,1,21,Game of Combs/HH2
Josh Azuvedo,Red Bull,17.11675353948056,5.642614271060728,5.831524997359104,1,21,Game of Combs/HH2
Finn Hawthorn,Red Bull,17.116753539480555,5.642614271060728,5.8315249973591,1,21,Game of Combs/HH2
Anthony - Red Bull - HH2,Red Bull,17.11675353948056,5.642614271060728,5.831524997359104,1,21,Game of Combs/HH2
Talene Savadian,Red Bull,10.995331620784388,6.141880264450282,-1.2884289081161757,1,21,TEAM SERMOR/HH2
Nicolas Sanguinetti,Red Bull,10.995331620784388,6.141880264450282,-1.2884289081161757,1,21,TEAM SERMOR/HH2
Coltyn Tlumacki,Red Bull,10.995331620784388,6.141880264450282,-1.2884289081161757,1,21,TEAM SERMOR/HH2
Alex Savadian,Red Bull,10.995331620784388,6.141880264450282,-1.2884289081161757,1,21,TEAM SERMOR/HH2
Taylor Larison,Red Bull,10.995331620784388,6.141880264450282,-1.2884289081161757,1,21,TEAM SERMOR/HH2
Rik Oclon,PHX,23.76145872367088,4.942537996313346,13.876382731044188,1,21,"You, Me, and Rick James/HH2"
James Bear,PHX,23.76145872367088,4.942537996313346,13.876382731044188,1,21,"You, Me, and Rick James/HH2"
Christopher Sharp,PHX,23.76145872367088,4.942537996313346,13.876382731044188,1,21,"You, Me, and Rick James/HH2"
josh spiegel,PHX,23.76145872367088,4.942537996313346,13.876382731044188,1,21,"You, Me, and Rick James/HH2"
Maxwell Calehuff,?,18.448684212890104,5.649501495108505,7.1496812226730935,1,21,Berry Gives You Wings/HH2
Alex P - SLC - HH2,SLC,18.448684212890104,5.649501495108505,7.1496812226730935,1,21,Berry Gives You Wings/HH2
Neda Xaymountry,LAX,18.448684212890104,5.649501495108505,7.1496812226730935,1,21,Berry Gives You Wings/HH2
Brendan Smythe,?,18.448684212890104,5.649501495108505,7.1496812226730935,1,21,Berry Gives You Wings/HH2
Luis Ballesteros,LAX,16.61487929452874,5.215156170278456,6.18456695397183,1,21,Mulholland Dive/HH2
Carissa Phong,NYC,32.181144326434826,3.4968016444718346,25.187541037491158,2,63,Mulholland Dive/HH2,CLEAN/BB3
Jon So,SF,19.347155416516813,7.491865061352343,4.363425293812126,1,6,Better than bots/GDC3
Alan ?,,19.347155416516813,7.491865061352343,4.363425293812126,1,6,Better than bots/GDC3
Matt Scheiffer,SF,19.347155416516816,7.4918650613523425,4.363425293812131,1,6,Better than bots/GDC3
Unknown GDC3,,19.347155416516816,7.4918650613523425,4.363425293812131,1,6,Better than bots/GDC3
Thor,SF,23.316763020251837,6.820842425465975,9.675078169319887,1,10,Broke Boi$ Mtn/GDC3
Zoe Ackerman,SEA,18.32229646019367,5.294622693683936,7.733051072825798,2,33,Couples Bearapy/GDC3,The Flying Snails/BB3
Hailey Aguilar,PDX,32.55566826932392,4.231000303307529,24.09366766270886,2,47,Don't. You Won't./GDC3,Flappers & The Dapper Tappers/BB3
Asher Toback,PDX,31.723216908098244,4.319549458881542,23.08411799033516,2,44,Don't. You Won't./GDC3,Higgins Boson/BB3
Sam Aldach,SF,23.601049350557677,5.182610823277867,13.235827704001943,2,31,Double or Nothing/GDC3,DeathQueen/BB3
Conner Silverstein,SF,21.611823069105476,7.151727345407863,7.3083683782897495,1,7,Double or Nothing/GDC3
Raven Bagy,NYC,21.274192266190312,5.182430895384802,10.909330475420708,2,28,Double or Nothing/GDC3,East Coast Snailers/BB3
Randy Diaz,NYC,21.27419226619032,5.182430895384802,10.909330475420715,2,28,Double or Nothing/GDC3,East Coast Snailers/BB3
Kevin Snyder,SF,18.394278162382314,7.132844953485191,4.128588255411932,1,7,Earthquake Season/GDC3
Xander the Xanderian,SF,18.394278162382314,7.132844953485191,4.128588255411932,1,7,Earthquake Season/GDC3
Kia Zarezadah,PHX,20.22249238242209,6.955639164184289,6.3112140540535115,1,10,Hate & Smashberry/GDC3
Javan Ivey,PDX,31.53739190656355,4.0616050287012095,23.41418184916113,2,48,Infinite Joust/GDC3,Higgins Boson/BB3
David Henry,PDX,32.011630707884734,3.8233693739958357,24.364891959893065,2,52,Infinite Joust/GDC3,DAD REACTS ONLY/BB3
Alex Jaspersen,SF,29.156574877820955,4.770683003714264,19.61520887039243,2,37,Mahalo/GDC3,Day All Night/BB3
Brett Stilwell,SF,30.40027985006759,4.919038233150209,20.562203383767173,1,26,Mucho Tasto/GDC3
Alex Meester,MPLS,29.672662723164798,3.7181404083670007,22.236381906430797,2,50,Ope!/GDC3,wow/BB3
Mark Nelson,MPLS,31.975756308836868,4.1552616673762275,23.66523297408441,2,43,Ope!/GDC3,Purple Reign/BB3
Colby Price,SF,23.132941337097034,6.982023453145937,9.16889443080516,1,8,Queso Fresco/GDC3
Monica-PDX,PDX,22.77926772689603,6.8576302072082616,9.064007312479507,1,10,Scoo-Bee-Doo/GDC3
Reed Silverstein,SF,30.06606856243453,5.909880078828442,18.246308404777647,1,17,T.E.A.M./GDC3
Heather Logsdon,CBUS,29.012547857603245,5.423604648841705,18.165338559919835,1,23,4+1/BB3
Carlos DelaSerda,CBUS,29.01254785760324,5.423604648841705,18.16533855991983,1,23,4+1/BB3
Joseph Woolum,CBUS,26.481158906616027,5.109909000184226,16.261340906247575,1,28,Avatar Boi/BB3
Devin Patel,CLT,26.48115890661603,5.109909000184226,16.26134090624758,1,28,Avatar Boi/BB3
Charlie Pfaff,NYC,22.08970374915121,5.674498709973053,10.740706329205103,1,26,Bae Caught Me Drippin'/BB3
Steven Do,PDX,24.173874442080646,5.138951803446678,13.89597083518729,1,24,Berry'd Treasure/BB3
Alexander Simchuk,PDX,24.17387444208065,5.138951803446678,13.895970835187294,1,24,Berry'd Treasure/BB3
Meaghan Schneider,PDX,14.775215099115762,6.692981509013501,1.3892520810887596,1,18,B-Team/BB3
Jordan Moritz,PDX,14.775215099115762,6.692981509013501,1.3892520810887596,1,18,B-Team/BB3
Max Friedrich,PDX,14.775215099115762,6.692981509013501,1.3892520810887596,1,18,B-Team/BB3
Taryn Costello,PDX,14.775215099115762,6.692981509013501,1.3892520810887596,1,18,B-Team/BB3
Jen Crawford,CHAT,18.650505512081196,5.914826384402152,6.820852743276893,1,22,Bumbledore's Army/BB3
Kenneth Hill,CHAT,18.650505512081196,5.914826384402152,6.820852743276893,1,22,Bumbledore's Army/BB3
Joel Zylka,PDX,26.234262265687562,4.844643809848022,16.544974645991516,1,27,DAD REACTS ONLY/BB3
Scott Adelman,PDX,26.234262265687562,4.844643809848022,16.544974645991516,1,27,DAD REACTS ONLY/BB3
Phillip Jones,ATX,19.375356540472012,6.1644649131895335,7.046426714092945,1,21,Dayzed and Confused/BB3
Brian Lucas,ATX,19.375356540472012,6.1644649131895335,7.046426714092945,1,21,Dayzed and Confused/BB3
Leah Lucas,ATX,19.375356540472012,6.1644649131895335,7.046426714092945,1,21,Dayzed and Confused/BB3
Richard E. Ochoa,ATX,19.375356540472012,6.1644649131895335,7.046426714092945,1,21,Dayzed and Confused/BB3
Josh Bird,ATX,19.375356540472012,6.1644649131895335,7.046426714092945,1,21,Dayzed and Confused/BB3
Derek Okumura,SF,27.564638121594786,5.5664928795541275,16.43165236248653,1,24,DeathQueen/BB3
Tyler Reed,SEA,21.319028456653534,5.640541362139642,10.03794573237425,1,21,Jupiter Rising/BB3
Melanie Brown,SEA,21.319028456653534,5.640541362139642,10.03794573237425,1,21,Jupiter Rising/BB3
Brandon Adkins,SEA,21.319028456653534,5.640541362139642,10.03794573237425,1,21,Jupiter Rising/BB3
Sean Bucy,SEA,21.319028456653534,5.640541362139642,10.03794573237425,1,21,Jupiter Rising/BB3
Amanda Camacho,SFL,24.819701736179375,5.5657654358371325,13.68817086450511,1,21,East Coast Snailers/BB3
Bob Fleet,STL,19.830262984299996,6.347743185872378,7.134776612555239,1,18,Fleur de Bees/BB3
Ian Brown,SF,19.830262984299996,6.347743185872378,7.134776612555239,1,18,Fleur de Bees/BB3
Alyssa DeMoss,PDX,25.235239663128525,5.376482975253417,14.48227371262169,1,23,Higgins Boson/BB3
Dylan H,PDX,25.23523966312852,5.376482975253417,14.482273712621687,1,23,Higgins Boson/BB3
Adriana Steinberg,ATX,23.84820213230136,5.465897357481212,12.916407417338936,1,23,Hive of the Mantis/BB3
Phillip Bracy,ATX,23.848202132301356,5.465897357481212,12.916407417338933,1,23,Hive of the Mantis/BB3
Chris Steinberg,ATX,23.848202132301356,5.465897357481212,12.916407417338933,1,23,Hive of the Mantis/BB3
Kiera DeFrange,PDX,25.164124690551173,5.407398891163039,14.349326908225095,1,23,How Do I Shoot?/BB3
Logan Barnett,PDX,25.164124690551173,5.407398891163039,14.349326908225095,1,23,How Do I Shoot?/BB3
Adrian Resquer,PDX,25.164124690551173,5.407398891163039,14.349326908225095,1,23,How Do I Shoot?/BB3
Vanessa Rhodes,PDX,25.164124690551176,5.407398891163039,14.349326908225098,1,23,How Do I Shoot?/BB3
Alex Wilkins,PDX,25.164124690551173,5.407398891163039,14.349326908225095,1,23,How Do I Shoot?/BB3
Daniel Knerr,STL,24.702984505795047,5.681296979921206,13.340390545952635,1,23,How I Met Your Hover/BB3
James Rasnic,STL,24.702984505795047,5.681296979921206,13.340390545952635,1,23,How I Met Your Hover/BB3
Megan Stetz,CHI,36.989657156705384,3.9615543087871328,29.06654853913112,1,44,MINDFREAK/BB3
Matthew Zwilling,MPLS,25.251427131100986,4.965702862998001,15.320021405104983,1,28,Minnesota Mean/BB3
Erik Beardman,MPLS,31.45722072330715,3.9626952866691068,23.531830149968936,1,38,wow/BB3
Christopher Cadayona,CHI,28.50376992972951,5.545604121393388,17.412561686942738,1,26,Happy New Year/BB3
Karl Nann,MPLS,34.27015757045921,4.510373290077534,25.249410990304142,1,31,Purple Reign/BB3
Matt Woelfel,MPLS,34.2701575704592,4.510373290077534,25.249410990304128,1,31,Purple Reign/BB3
Truett Grigg,CLT,27.99050816202255,4.782021723958181,18.42646471410619,1,32,Queen's Revenge/BB3
Courtney Schultz,CLT,27.99050816202255,4.782021723958181,18.42646471410619,1,32,Queen's Revenge/BB3
Richard Van,SFL,20.73298274238864,6.2313222949433555,8.270338152501928,1,21,Ginyu Force/BB3
Alan Dang,LA,20.73298274238864,6.2313222949433555,8.270338152501928,1,21,Ginyu Force/BB3
David Walsh,SEA,30.413670433627026,4.7992361782283135,20.8151980771704,1,29,Seattle BooperSonics/BB3
Evan S,SEA,30.413670433627047,4.7992361782283135,20.81519807717042,1,29,Seattle BooperSonics/BB3
Dan Shupp,SF,25.93349852358527,5.009213268450696,15.915071986683879,1,31,lil chomp/BB3
Anna Willoughby,ATL,31.454438586976956,4.2653213355724295,22.923795915832095,1,36,Some Side Cab Scrubs/BB3
Logan David,PDX,28.805902326629198,5.376866405493171,18.052169515642856,1,24,It Has Been/BB3
Anthony Lieuallen,NYC,31.978475068017833,4.849833099855741,22.27880886830635,1,30,Team Break/BB3
Desirae Post,PDX,27.068009785864554,4.925803394647826,17.216402996568902,1,29,Bourgeois Bees/BB3
Andrew Seery,PDX,27.068009785864554,4.925803394647826,17.216402996568902,1,29,Bourgeois Bees/BB3
Steven Parker,DC,27.068009785864554,4.925803394647826,17.216402996568902,1,29,Bourgeois Bees/BB3
Raymond Ybarra,PDX,27.068009785864554,4.925803394647826,17.216402996568902,1,29,Bourgeois Bees/BB3
Andrew Laber,KC,29.782658673365884,4.103123144628747,21.576412384108387,1,41,Rice 'n Bees/BB3
Mitchell Heck,MPLS,23.198917274832127,5.793861513007219,11.61119424881769,1,20,TOXIC/BB3
Andrea Newell,MPLS,23.198917274832127,5.793861513007219,11.61119424881769,1,20,TOXIC/BB3
Hannah Teson,ATX,18.25245921520805,5.699378328296589,6.85370255861487,1,22,WooGoo/BB3
Marcelo Teson,ATX,18.25245921520805,5.699378328296589,6.85370255861487,1,22,WooGoo/BB3
Wayne Parks,ATX,18.25245921520805,5.699378328296589,6.85370255861487,1,22,WooGoo/BB3
Don Thibert,ATX,18.25245921520805,5.699378328296589,6.85370255861487,1,22,WooGoo/BB3
Warren Edwards,PDX,26.578631232864282,5.20623113791729,16.166168957029704,1,26,Flappers & The Dapper Tappers/BB3
Adam Babel,CHI,19.30414319298855,6.111883542029526,7.080376108929499,1,18,Hazard Phase/BB3
Chuck Bressan,CHI,19.30414319298857,6.111883542029526,7.080376108929517,1,18,Hazard Phase/BB3
Anna Thornton,MPLS,18.09383661326978,6.372906286594109,5.348024040081562,1,19,Hot Dish/BB3
Felicia Wong,NYC,21.35787293205233,5.651944645920226,10.053983640211879,1,22,Lakes On Mars/BB3
Joe Mauriello,SEA,21.35787293205233,5.651944645920226,10.053983640211879,1,22,Lakes On Mars/BB3
Daniel Bueno,PDX,22.417669229364936,5.811746058570021,10.794177112224894,1,19,BERRIES ARE A CHOKING HAZARD/BB3
Isaiah DeMoss,PDX,22.417669229364936,5.811746058570021,10.794177112224894,1,19,BERRIES ARE A CHOKING HAZARD/BB3
Brandon Johnson,PDX,22.417669229364915,5.811746058570021,10.794177112224872,1,19,BERRIES ARE A CHOKING HAZARD/BB3
Kevin John,PDX,22.417669229364908,5.811746058570021,10.794177112224865,1,19,BERRIES ARE A CHOKING HAZARD/BB3
Marina Stadick,MPLS,21.094732960810692,5.697780903408176,9.69917115399434,1,20,SEA-MIN/BB3
Chris Thompson,MPLS,21.09473296081068,5.697780903408176,9.69917115399433,1,20,SEA-MIN/BB3
Bradley Schoenherr,MPLS,21.09473296081068,5.697780903408176,9.69917115399433,1,20,SEA-MIN/BB3
Shea Flaherty Betin,PDX,27.73213731071643,5.575657386673992,16.580822537368444,1,21,Day All Night/BB3
Josh McLaughlin,SEA,24.41510554924775,5.934531352949855,12.546042843348038,1,22,The Flying Snails/BB3
John Bollard,SEA,24.415105549247745,5.934531352949855,12.546042843348035,1,22,The Flying Snails/BB3
Patrick Heth,SEA,24.415105549247745,5.934531352949855,12.546042843348035,1,22,The Flying Snails/BB3
Michael Flanagin,SEA,24.41510554924775,5.934531352949855,12.546042843348038,1,22,The Flying Snails/BB3
David Hunt,PDX,14.74346020463941,6.786728492806611,1.1700032190261886,1,18,Warp World/BB3
Matthew Jakubowski,CHI,14.74346020463941,6.786728492806611,1.1700032190261886,1,18,Warp World/BB3
Kahlief Adams,PDX,14.74346020463941,6.786728492806611,1.1700032190261886,1,18,Warp World/BB3
Xwater,CAN,14.743460204639405,6.786728492806611,1.1700032190261833,1,18,Warp World/BB3
Unknown BB3 1,UNK,14.743460204639407,6.786728492806611,1.170003219026185,1,18,Warp World/BB3
Hitoshi Satow,SEA,18.648525882878577,5.767362375021427,7.113801132835723,1,22,Starship Enterhive/BB3
Julie Denberger,SEA,18.648525882878577,5.767362375021427,7.113801132835723,1,22,Starship Enterhive/BB3
Tim Pearson,SEA,18.648525882878577,5.767362375021427,7.113801132835723,1,22,Starship Enterhive/BB3
Stephen Novenstern,NYC,18.325953168555923,5.6504496715975066,7.02505382536091,1,19,BeeDeeOhNo/BB3
Jonathan So,SF,18.32595316855591,5.6504496715975066,7.025053825360896,1,19,BeeDeeOhNo/BB3
Unknown BB3 2, UNK,18.32595316855592,5.6504496715975066,7.0250538253609065,1,19,BeeDeeOhNo/BB3
Kevin Vanhorn,MPLS,14.300547596271088,6.309982986589395,1.6805816230922979,1,18,It's Pronounced GIF/BB3
Anna Zarubin,SF,14.300547596271109,6.309982986589395,1.6805816230923192,1,18,It's Pronounced GIF/BB3
Taylor Robbins,SEA,18.85486980217894,5.9963142573019175,6.862241287575104,1,19,Show Me Your Boops/BB3
Amy Bucy,SEA,18.85486980217894,5.9963142573019175,6.862241287575104,1,19,Show Me Your Boops/BB3
Mike Porter,SEA,18.85486980217894,5.9963142573019175,6.862241287575104,1,19,Show Me Your Boops/BB3
Unknown BB3 3,UNK,18.85486980217894,5.9963142573019175,6.862241287575104,1,19,Show Me Your Boops/BB3
Unknown BB3 4,UNK,18.85486980217894,5.9963142573019175,6.862241287575104,1,19,Show Me Your Boops/BB3
Josh Siegel,LA,13.106352930928399,6.362689491040558,0.38097394884728253,1,18,Berry Pickers Union/BB3
Ryan Squires,EUG,13.810031674632315,6.523794622751072,0.7624424291301715,1,18,We Bees Nasty/BB3
Dan Soomil,EUG,13.810031674632315,6.523794622751072,0.7624424291301715,1,18,We Bees Nasty/BB3
Josh Gebhart,EUG,13.810031674632315,6.523794622751072,0.7624424291301715,1,18,We Bees Nasty/BB3
Jared Mackey,EUG,13.810031674632315,6.523794622751072,0.7624424291301715,1,18,We Bees Nasty/BB3
Soleo Evans,EUG,13.810031674632315,6.523794622751072,0.7624424291301715,1,18,We Bees Nasty/BB3
